一级指标编码,一级指标中文名称,二级指标编码,二级指标中文名称,三级指标编码,三级指标中文名称,四级指标编码,四级指标中文名称
A01,国民经济指标,A0101,国内生产总值(年),A010101,国内生产总值(现价),A01010101,国内生产总值_当季值
A01,国民经济指标,A0101,国内生产总值(年),A010101,国内生产总值(现价),A01010102,国内生产总值_累计值
A01,国民经济指标,A0101,国内生产总值(年),A010101,国内生产总值(现价),A01010103,第一产业增加值_当季值
A01,国民经济指标,A0101,国内生产总值(年),A010101,国内生产总值(现价),A01010104,第一产业增加值_累计值
A01,国民经济指标,A0101,国内生产总值(年),A010101,国内生产总值(现价),A01010105,第二产业增加值_当季值
A01,国民经济指标,A0101,国内生产总值(年),A010101,国内生产总值(现价),A01010106,第二产业增加值_累计值
A01,国民经济指标,A0101,国内生产总值(年),A010101,国内生产总值(现价),A01010107,第三产业增加值_当季值
A01,国民经济指标,A0101,国内生产总值(年),A010101,国内生产总值(现价),A01010108,第三产业增加值_累计值
A01,国民经济指标,A0102,国内生产总值(季),A010102,国内生产总值(不变价),A01020101,国内生产总值(不变价)_当季值
A01,国民经济指标,A0102,国内生产总值(季),A010102,国内生产总值(不变价),A01020102,国内生产总值(不变价)_累计值
A01,国民经济指标,A0102,国内生产总值(季),A010102,国内生产总值(不变价),A01020103,第一产业增加值(不变价)_当季值
A01,国民经济指标,A0102,国内生产总值(季),A010102,国内生产总值(不变价),A01020104,第一产业增加值(不变价)_累计值
A01,国民经济指标,A0102,国内生产总值(季),A010102,国内生产总值(不变价),A01020105,第二产业增加值(不变价)_当季值
A01,国民经济指标,A0102,国内生产总值(季),A010102,国内生产总值(不变价),A01020106,第二产业增加值(不变价)_累计值
A01,国民经济指标,A0102,国内生产总值(季),A010102,国内生产总值(不变价),A01020107,第三产业增加值(不变价)_当季值
A01,国民经济指标,A0102,国内生产总值(季),A010102,国内生产总值(不变价),A01020108,第三产业增加值(不变价)_累计值
A01,国民经济指标,A0103,国内生产总值指数,A010301,国内生产总值指数(上年同期=100)_当季值,A01030101,国内生产总值指数(上年同期=100)_当季值
A01,国民经济指标,A0103,国内生产总值指数,A010302,国内生产总值指数(上年同期=100)_累计值,A01030102,国内生产总值指数(上年同期=100)_累计值
A01,国民经济指标,A0103,国内生产总值指数,A010303,第一产业增加值指数(上年同期=100)_当季值,A01030103,第一产业增加值指数(上年同期=100)_当季值
A01,国民经济指标,A0103,国内生产总值指数,A010304,第一产业增加值指数(上年同期=100)_累计值,A01030104,第一产业增加值指数(上年同期=100)_累计值
A01,国民经济指标,A0103,国内生产总值指数,A010305,第二产业增加值指数(上年同期=100)_当季值,A01030105,第二产业增加值指数(上年同期=100)_当季值
A01,国民经济指标,A0103,国内生产总值指数,A010306,第二产业增加值指数(上年同期=100)_累计值,A01030106,第二产业增加值指数(上年同期=100)_累计值
A01,国民经济指标,A0103,国内生产总值指数,A010307,第三产业增加值指数(上年同期=100)_当季值,A01030107,第三产业增加值指数(上年同期=100)_当季值
A01,国民经济指标,A0103,国内生产总值指数,A010308,第三产业增加值指数(上年同期=100)_累计值,A01030108,第三产业增加值指数(上年同期=100)_累计值
A01,国民经济指标,A0104,国内生产总值环比增长速度,A010401,国内生产总值环比增长速度,A01040101,国内生产总值环比增长速度
A01,国民经济指标,A0105,三大需求对国内生产总值增长的贡献率,A010501,最终消费支出对国内生产总值增长贡献率_当季值,,
A01,国民经济指标,A0105,三大需求对国内生产总值增长的贡献率,A010502,最终消费支出对国内生产总值增长贡献率_累计值,,
A01,国民经济指标,A0105,三大需求对国内生产总值增长的贡献率,A010503,资本形成总额对国内生产总值增长贡献率_当季值,,
A01,国民经济指标,A0105,三大需求对国内生产总值增长的贡献率,A010504,资本形成总额对国内生产总值增长贡献率_累计值,,
A01,国民经济指标,A0105,三大需求对国内生产总值增长的贡献率,A010505,货物和服务净出口对国内生产总值增长贡献率_当季值,,
A01,国民经济指标,A0105,三大需求对国内生产总值增长的贡献率,A010506,货物和服务净出口对国内生产总值增长贡献率_累计值,,
A01,国民经济指标,A0106,三次产业贡献率,A010601,第一产业对GDP的贡献率,,
A01,国民经济指标,A0106,三次产业贡献率,A010602,第二产业对GDP的贡献率,,
A01,国民经济指标,A0106,三次产业贡献率,A010603,第三产业对GDP的贡献率,,
A01,国民经济指标,A0107,三次产业构成,A010701,三次产业构成-国内生产总值,,
A01,国民经济指标,A0107,三次产业构成,A010702,三次产业构成-第一产业增加值,,
A01,国民经济指标,A0107,三次产业构成,A010703,三次产业构成-第二产业增加值,,
A01,国民经济指标,A0107,三次产业构成,A010704,三次产业构成-第三产业增加值,,
A01,国民经济指标,A0108,分行业增加值,A010801,国内生产总值,,
A01,国民经济指标,A0108,分行业增加值,A010802,农林牧渔业增加值,,
A01,国民经济指标,A0108,分行业增加值,A010803,工业增加值,,
A01,国民经济指标,A0108,分行业增加值,A010804,建筑业增加值,,
A01,国民经济指标,A0108,分行业增加值,A010805,批发和零售业增加值,,
A01,国民经济指标,A0108,分行业增加值,A010806,交通运输、仓储和邮政业增加值,,
A01,国民经济指标,A0108,分行业增加值,A010807,住宿和餐饮业增加值,,
A01,国民经济指标,A0108,分行业增加值,A010808,金融业增加值,,
A01,国民经济指标,A0108,分行业增加值,A010809,房地产业增加值,,
A01,国民经济指标,A0108,分行业增加值,A010810,其他行业增加值,,
A01,国民经济指标,A0109,货币供应量,A010901,货币和准货币(M2)供应量_期末值,,
A01,国民经济指标,A0109,货币供应量,A010902,货币和准货币(M2)供应量_同比增长,,
A01,国民经济指标,A0109,货币供应量,A010903,货币(M1)供应量_期末值,,
A01,国民经济指标,A0109,货币供应量,A010904,货币(M1)供应量_同比增长,,
A01,国民经济指标,A0109,货币供应量,A010905,流通中现金(M0)供应量_期末值,,
A01,国民经济指标,A0109,货币供应量,A010906,流通中现金(M0)供应量_同比增长,,
A01,国民经济指标,A0110,价格指数,A011001,全国居民消费价格分类指数(上年同月=100),A01100101,居民消费价格指数(上年同月=100)
A01,国民经济指标,A0110,价格指数,A011001,全国居民消费价格分类指数(上年同月=100),A01100102,食品烟酒类居民消费价格指数(上年同月=100)
A01,国民经济指标,A0110,价格指数,A011001,全国居民消费价格分类指数(上年同月=100),A01100103,衣着类居民消费价格指数(上年同月=100)
A01,国民经济指标,A0110,价格指数,A011001,全国居民消费价格分类指数(上年同月=100),A01100104,居住类居民消费价格指数(上年同月=100)
A01,国民经济指标,A0110,价格指数,A011001,全国居民消费价格分类指数(上年同月=100),A01100105,生活用品及服务类居民消费价格指数(上年同月=100)
A01,国民经济指标,A0110,价格指数,A011001,全国居民消费价格分类指数(上年同月=100),A01100106,交通和通信类居民消费价格指数(上年同月=100)
A01,国民经济指标,A0110,价格指数,A011001,全国居民消费价格分类指数(上年同月=100),A01100107,教育文化和娱乐类居民消费价格指数(上年同月=100)
A01,国民经济指标,A0110,价格指数,A011001,全国居民消费价格分类指数(上年同月=100),A01100108,医疗保健类居民消费价格指数(上年同月=100)
A01,国民经济指标,A0110,价格指数,A011001,全国居民消费价格分类指数(上年同月=100),A01100109,其他用品和服务类居民消费价格指数(上年同月=100)
A01,国民经济指标,A0110,价格指数,A011001,全国居民消费价格分类指数(上年同月=100),A01100110,食品类居民消费价格指数(上年同月=100)
A01,国民经济指标,A0110,价格指数,A011001,全国居民消费价格分类指数(上年同月=100),A01100111,烟酒及用品类居民消费价格指数(上年同月=100)
A01,国民经济指标,A0110,价格指数,A011001,全国居民消费价格分类指数(上年同月=100),A01100112,家庭设备用品及维修服务类居民消费价格指数(上年同月=100)
A01,国民经济指标,A0110,价格指数,A011001,全国居民消费价格分类指数(上年同月=100),A01100113,医疗保健和个人用品类居民消费价格指数(上年同月=100)
A01,国民经济指标,A0110,价格指数,A011001,全国居民消费价格分类指数(上年同月=100),A01100114,交通和通讯类居民消费价格指数(上年同月=100)
A01,国民经济指标,A0110,价格指数,A011001,全国居民消费价格分类指数(上年同月=100),A01100115,娱乐教育文化用品及服务类居民消费价格指数(上年同月=100)
A01,国民经济指标,A0110,价格指数,A011002,农业生产资料价格分类指数(上年=100),A01100201,农业生产资料指数(上年=100)
A01,国民经济指标,A0110,价格指数,A011002,农业生产资料价格分类指数(上年=100),A01100202,农用手工工具指数(上年=100)
A01,国民经济指标,A0110,价格指数,A011002,农业生产资料价格分类指数(上年=100),A01100203,饲料价格指数(上年=100)
A01,国民经济指标,A0110,价格指数,A011002,农业生产资料价格分类指数(上年=100),A01100204,仔畜幼禽及产品畜(上年=100)
A01,国民经济指标,A0110,价格指数,A011002,农业生产资料价格分类指数(上年=100),A01100205,半机械化农具生产资料价格指数(上年=100)
A01,国民经济指标,A0110,价格指数,A011002,农业生产资料价格分类指数(上年=100),A01100206,机械化农具生产资料价格指数(上年=100)
A01,国民经济指标,A0110,价格指数,A011002,农业生产资料价格分类指数(上年=100),A01100207,化学肥料生产资料价格指数(上年=100)
A01,国民经济指标,A0110,价格指数,A011002,农业生产资料价格分类指数(上年=100),A01100208,农药及农药械生产资料价格指数(上年=100)
A01,国民经济指标,A0110,价格指数,A011002,农业生产资料价格分类指数(上年=100),A01100209,化学农药生产资料价格指数(上年=100)
A01,国民经济指标,A0110,价格指数,A011002,农业生产资料价格分类指数(上年=100),A01100210,农药器械生产资料价格指数(上年=100)
A01,国民经济指标,A0110,价格指数,A011002,农业生产资料价格分类指数(上年=100),A01100211,农用机油生产资料价格指数(上年=100)
A01,国民经济指标,A0110,价格指数,A011002,农业生产资料价格分类指数(上年=100),A01100212,其他农业生产资料价格指数(上年=100)
A01,国民经济指标,A0110,价格指数,A011002,农业生产资料价格分类指数(上年=100),A01100213,农用种子生产资料价格指数(上年=100)
A01,国民经济指标,A0110,价格指数,A011002,农业生产资料价格分类指数(上年=100),A01100214,其他农业生产资料(除种子)价格指数(上年=100)
A01,国民经济指标,A0110,价格指数,A011002,农业生产资料价格分类指数(上年=100),A01100215,农业生产服务价格指数(上年=100)
A01,国民经济指标,A0110,价格指数,A011003,农产品生产价格指数(上年=100),A01100301,农产品生产价格指数(上年=100)
A01,国民经济指标,A0110,价格指数,A011003,农产品生产价格指数(上年=100),A01100302,种植业产品生产价格指数(上年=100)
A01,国民经济指标,A0110,价格指数,A011003,农产品生产价格指数(上年=100),A01100303,谷物生产价格指数(上年=100)
A01,国民经济指标,A0110,价格指数,A011003,农产品生产价格指数(上年=100),A01100304,小麦生产价格指数(上年=100)
A01,国民经济指标,A0110,价格指数,A011003,农产品生产价格指数(上年=100),A01100305,稻谷生产价格指数(上年=100)
A01,国民经济指标,A0110,价格指数,A011003,农产品生产价格指数(上年=100),A01100306,玉米生产价格指数(上年=100)
A01,国民经济指标,A0110,价格指数,A011003,农产品生产价格指数(上年=100),A01100307,豆类生产价格指数(上年价格=100)
A01,国民经济指标,A0110,价格指数,A011003,农产品生产价格指数(上年=100),A01100308,大豆生产价格指数(上年=100)
A01,国民经济指标,A0110,价格指数,A011003,农产品生产价格指数(上年=100),A01100309,油料生产价格指数(上年=100)
A01,国民经济指标,A0110,价格指数,A011003,农产品生产价格指数(上年=100),A01100310,花生生产价格指数(上年价格=100)
A01,国民经济指标,A0110,价格指数,A011003,农产品生产价格指数(上年=100),A01100311,油菜籽生产价格指数(上年价格=100)
A01,国民经济指标,A0110,价格指数,A011003,农产品生产价格指数(上年=100),A01100312,棉花生产价格指数(上年=100)
A01,国民经济指标,A0110,价格指数,A011003,农产品生产价格指数(上年=100),A01100313,糖料生产价格指数(上年=100)
A01,国民经济指标,A0110,价格指数,A011003,农产品生产价格指数(上年=100),A01100314,麻类生产价格指数(上年价格=100)
A01,国民经济指标,A0110,价格指数,A011003,农产品生产价格指数(上年=100),A01100315,烟叶生产价格指数(上年价格=100)
A01,国民经济指标,A0110,价格指数,A011003,农产品生产价格指数(上年=100),A01100316,蔬菜生产价格指数(上年=100)
A01,国民经济指标,A0110,价格指数,A011003,农产品生产价格指数(上年=100),A01100317,水果生产价格指数(上年=100)
A01,国民经济指标,A0110,价格指数,A011003,农产品生产价格指数(上年=100),A01100318,茶叶生产价格指数(上年价格=100)
A01,国民经济指标,A0110,价格指数,A011003,农产品生产价格指数(上年=100),A01100319,林业产品生产价格指数(上年=100)
A01,国民经济指标,A0110,价格指数,A011003,农产品生产价格指数(上年=100),A01100320,畜牧业产品生产价格指数(上年=100)
A01,国民经济指标,A0110,价格指数,A011003,农产品生产价格指数(上年=100),A01100321,猪(毛重)生产价格指数(上年=100)
A01,国民经济指标,A0110,价格指数,A011003,农产品生产价格指数(上年=100),A01100322,牛(毛重)生产价格指数(上年=100)
A01,国民经济指标,A0110,价格指数,A011003,农产品生产价格指数(上年=100),A01100323,羊(毛重)生产价格指数(上年=100)
A01,国民经济指标,A0110,价格指数,A011003,农产品生产价格指数(上年=100),A01100324,家禽(毛重)生产价格指数(上年=100)
A01,国民经济指标,A0110,价格指数,A011003,农产品生产价格指数(上年=100),A01100325,蛋类生产价格指数(上年=100)
A01,国民经济指标,A0110,价格指数,A011003,农产品生产价格指数(上年=100),A01100326,奶类生产价格指数(上年=100)
A01,国民经济指标,A0110,价格指数,A011003,农产品生产价格指数(上年=100),A01100327,渔业产品生产价格指数(上年=100)
A01,国民经济指标,A0110,价格指数,A011003,农产品生产价格指数(上年=100),A01100328,海水养殖产品生产价格指数(上年=100)
A01,国民经济指标,A0110,价格指数,A011003,农产品生产价格指数(上年=100),A01100329,海水捕捞产品生产价格指数(上年=100)
A01,国民经济指标,A0110,价格指数,A011003,农产品生产价格指数(上年=100),A01100330,淡水养殖产品生产价格指数(上年=100)
A01,国民经济指标,A0110,价格指数,A011003,农产品生产价格指数(上年=100),A01100331,淡水捕捞产品生产价格指数(上年=100)
A01,国民经济指标,A0110,价格指数,A011003,农产品生产价格指数(上年=100),A01100332,种植业生产价格指数(上年价格=100)
A01,国民经济指标,A0110,价格指数,A011003,农产品生产价格指数(上年=100),A01100333,谷物生产价格指数(上年价格=100)
A01,国民经济指标,A0110,价格指数,A011003,农产品生产价格指数(上年=100),A01100334,小麦生产价格指数(上年价格=100)
A01,国民经济指标,A0110,价格指数,A011003,农产品生产价格指数(上年=100),A01100335,稻谷生产价格指数(上年价格=100)
A01,国民经济指标,A0110,价格指数,A011003,农产品生产价格指数(上年=100),A01100336,玉米生产价格指数(上年价格=100)
A01,国民经济指标,A0110,价格指数,A011003,农产品生产价格指数(上年=100),A01100337,大豆生产价格指数(上年价格=100)
A01,国民经济指标,A0110,价格指数,A011003,农产品生产价格指数(上年=100),A01100338,薯类生产价格指数(上年价格=100)
A01,国民经济指标,A0110,价格指数,A011003,农产品生产价格指数(上年=100),A01100339,油料生产价格指数(上年价格=100)
A01,国民经济指标,A0110,价格指数,A011003,农产品生产价格指数(上年=100),A01100340,棉花生产价格指数(上年价格=100)
A01,国民经济指标,A0110,价格指数,A011003,农产品生产价格指数(上年=100),A01100341,糖料生产价格指数(上年价格=100)
A01,国民经济指标,A0110,价格指数,A011003,农产品生产价格指数(上年=100),A01100342,蔬菜生产价格指数(上年价格=100)
A01,国民经济指标,A0110,价格指数,A011003,农产品生产价格指数(上年=100),A01100343,水果生产价格指数(上年价格=100)
A01,国民经济指标,A0110,价格指数,A011003,农产品生产价格指数(上年=100),A01100344,林产品生产价格指数(上年价格=100)
A01,国民经济指标,A0110,价格指数,A011003,农产品生产价格指数(上年=100),A01100345,畜产品生产价格指数(上年价格=100)
A01,国民经济指标,A0110,价格指数,A011003,农产品生产价格指数(上年=100),A01100346,猪生产价格指数(上年价格=100)
A01,国民经济指标,A0110,价格指数,A011003,农产品生产价格指数(上年=100),A01100347,家禽生产价格指数(上年价格=100)
A01,国民经济指标,A0110,价格指数,A011003,农产品生产价格指数(上年=100),A01100348,蛋类生产价格指数(上年价格=100)
A01,国民经济指标,A0110,价格指数,A011003,农产品生产价格指数(上年=100),A01100349,奶类生产价格指数(上年价格=100)
A01,国民经济指标,A0110,价格指数,A011003,农产品生产价格指数(上年=100),A01100350,渔业产品生产价格指数(上年价格=100)
A01,国民经济指标,A0110,价格指数,A011004,商品零售价格分类指数,A01100401,商品零售价格指数(上年同月=100)
A01,国民经济指标,A0110,价格指数,A011004,商品零售价格分类指数,A01100402,食品类商品零售价格指数(上年同月=100)
A01,国民经济指标,A0110,价格指数,A011004,商品零售价格分类指数,A01100403,饮料、烟酒类商品零售价格指数(上年同月=100)
A01,国民经济指标,A0110,价格指数,A011004,商品零售价格分类指数,A01100404,服装、鞋帽类商品零售价格指数(上年同月=100)
A01,国民经济指标,A0110,价格指数,A011004,商品零售价格分类指数,A01100405,纺织品类商品零售价格指数(上年同月=100)
A01,国民经济指标,A0110,价格指数,A011004,商品零售价格分类指数,A01100406,家用电器及音像器材类商品零售价格指数(上年同月=100)
A01,国民经济指标,A0110,价格指数,A011004,商品零售价格分类指数,A01100407,文化办公用品类商品零售价格指数(上年同月=100)
A01,国民经济指标,A0110,价格指数,A011004,商品零售价格分类指数,A01100408,日用品类商品零售价格指数(上年同月=100)
A01,国民经济指标,A0110,价格指数,A011004,商品零售价格分类指数,A01100409,体育娱乐用品类商品零售价格指数(上年同月=100)
A01,国民经济指标,A0110,价格指数,A011004,商品零售价格分类指数,A01100410,交通、通信用品类商品零售价格指数(上年同月=100)
A01,国民经济指标,A0110,价格指数,A011004,商品零售价格分类指数,A01100411,家具类商品零售价格指数(上年同月=100)
A01,国民经济指标,A0110,价格指数,A011004,商品零售价格分类指数,A01100412,化妆品类商品零售价格指数(上年同月=100)
A01,国民经济指标,A0110,价格指数,A011004,商品零售价格分类指数,A01100413,金银珠宝类商品零售价格指数(上年同月=100)
A01,国民经济指标,A0110,价格指数,A011004,商品零售价格分类指数,A01100414,中西药品及医疗保健用品类商品零售价格指数(上年同月=100)
A01,国民经济指标,A0110,价格指数,A011004,商品零售价格分类指数,A01100415,书报杂志及电子出版物类商品零售价格指数(上年同月=100)
A01,国民经济指标,A0110,价格指数,A011004,商品零售价格分类指数,A01100416,燃料类商品零售价格指数(上年同月=100)
A01,国民经济指标,A0110,价格指数,A011004,商品零售价格分类指数,A01100417,建筑材料及五金电料类商品零售价格指数(上年同月=100)
A01,国民经济指标,A0110,价格指数,A011005,固定资产投资价格指数_当季（上年同季=100）,A01100501,固定资产投资价格指数_当季值（上年同季=100）
A01,国民经济指标,A0110,价格指数,A011005,固定资产投资价格指数_当季（上年同季=100）,A01100502,设备、工器具购置价格指数_当季值（上年同季=100）
A01,国民经济指标,A0110,价格指数,A011005,固定资产投资价格指数_当季（上年同季=100）,A01100503,建筑、安装、装饰工程价格指数_当季值（上年同季=100）
A01,国民经济指标,A0110,价格指数,A011005,固定资产投资价格指数_当季（上年同季=100）,A01100504,人工费价格指数_当季值（上年同季=100）
A01,国民经济指标,A0110,价格指数,A011005,固定资产投资价格指数_当季（上年同季=100）,A01100505,材料费价格指数_当季值（上年同季=100）
A01,国民经济指标,A0110,价格指数,A011005,固定资产投资价格指数_当季（上年同季=100）,A01100506,钢材价格指数_当季值（上年同季=100）
A01,国民经济指标,A0110,价格指数,A011005,固定资产投资价格指数_当季（上年同季=100）,A01100507,木材价格指数_当季值（上年同季=100）
A01,国民经济指标,A0110,价格指数,A011005,固定资产投资价格指数_当季（上年同季=100）,A01100508,水泥价格指数_当季值（上年同季=100）
A01,国民经济指标,A0110,价格指数,A011005,固定资产投资价格指数_当季（上年同季=100）,A01100509,地方建筑材料价格指数_当季值（上年同季=100）
A01,国民经济指标,A0110,价格指数,A011005,固定资产投资价格指数_当季（上年同季=100）,A01100510,化工材料价格指数_当季值（上年同季=100）
A01,国民经济指标,A0110,价格指数,A011005,固定资产投资价格指数_当季（上年同季=100）,A01100511,电料价格指数_当季值（上年同季=100）
A01,国民经济指标,A0110,价格指数,A011005,固定资产投资价格指数_当季（上年同季=100）,A01100512,其他材料价格指数_当季值（上年同季=100）
A01,国民经济指标,A0110,价格指数,A011005,固定资产投资价格指数_当季（上年同季=100）,A01100513,机械使用费价格指数_当季值（上年同季=100）
A01,国民经济指标,A0110,价格指数,A011005,固定资产投资价格指数_当季（上年同季=100）,A01100514,其他费用价格指数_当季值（上年同季=100）
A01,国民经济指标,A0110,价格指数,A011005,固定资产投资价格指数_当季（上年同季=100）,A01100515,建筑安装工程价格指数_当季值（上年同季=100）
A01,国民经济指标,A0110,价格指数,A011005,固定资产投资价格指数_当季（上年同季=100）,A01100516,金属材料价格指数_当季值（上年同季=100）
A01,国民经济指标,A0110,价格指数,A011005,固定资产投资价格指数_当季（上年同季=100）,A01100517,非金属材料价格指数_当季值（上年同季=100）
A01,国民经济指标,A0110,价格指数,A011005,固定资产投资价格指数_当季（上年同季=100）,A01100518,木、竹材及其制品价格指数_当季值（上年同季=100）
A01,国民经济指标,A0110,价格指数,A011005,固定资产投资价格指数_当季（上年同季=100）,A01100519,装饰材料及配件价格指数_当季值（上年同季=100）
A01,国民经济指标,A0110,价格指数,A011005,固定资产投资价格指数_当季（上年同季=100）,A01100520,水暖及厨卫洁具价格指数_当季值（上年同季=100）
A01,国民经济指标,A0110,价格指数,A011005,固定资产投资价格指数_当季（上年同季=100）,A01100521,电气电料价格指数_当季值（上年同季=100）
A01,国民经济指标,A0110,价格指数,A011005,固定资产投资价格指数_当季（上年同季=100）,A01100522,仪表及其他价格指数_当季值（上年同季=100）
A01,国民经济指标,A0110,价格指数,A011005,固定资产投资价格指数_当季（上年同季=100）,A01100523,机械费价格指数_当季值（上年同季=100）
A01,国民经济指标,A0110,价格指数,A011006,固定资产投资价格指数_累计值（上年同期=100）,A01100601,固定资产投资价格指数_累计值（上年同期=100）
A01,国民经济指标,A0110,价格指数,A011006,固定资产投资价格指数_累计值（上年同期=100）,A01100602,设备、工器具购置价格指数_累计值（上年同期=100）
A01,国民经济指标,A0110,价格指数,A011006,固定资产投资价格指数_累计值（上年同期=100）,A01100603,建筑、安装、装饰工程价格指数_累计值（上年同期=100）
A01,国民经济指标,A0110,价格指数,A011006,固定资产投资价格指数_累计值（上年同期=100）,A01100604,人工费价格指数_累计值（上年同期=100）
A01,国民经济指标,A0110,价格指数,A011006,固定资产投资价格指数_累计值（上年同期=100）,A01100605,材料费价格指数_累计值（上年同期=100）
A01,国民经济指标,A0110,价格指数,A011006,固定资产投资价格指数_累计值（上年同期=100）,A01100606,钢材价格指数_累计值（上年同期=100）
A01,国民经济指标,A0110,价格指数,A011006,固定资产投资价格指数_累计值（上年同期=100）,A01100607,木材价格指数_累计值（上年同期=100）
A01,国民经济指标,A0110,价格指数,A011006,固定资产投资价格指数_累计值（上年同期=100）,A01100608,水泥价格指数_累计值（上年同期=100）
A01,国民经济指标,A0110,价格指数,A011006,固定资产投资价格指数_累计值（上年同期=100）,A01100609,地方建筑材料价格指数_累计值（上年同期=100）
A01,国民经济指标,A0110,价格指数,A011006,固定资产投资价格指数_累计值（上年同期=100）,A01100610,化工材料价格指数_累计值（上年同期=100）
A01,国民经济指标,A0110,价格指数,A011006,固定资产投资价格指数_累计值（上年同期=100）,A01100611,电料价格指数_累计值（上年同期=100）
A01,国民经济指标,A0110,价格指数,A011006,固定资产投资价格指数_累计值（上年同期=100）,A01100612,其他材料价格指数_累计值（上年同期=100）
A01,国民经济指标,A0110,价格指数,A011006,固定资产投资价格指数_累计值（上年同期=100）,A01100613,机械使用费价格指数_累计值（上年同期=100）
A01,国民经济指标,A0110,价格指数,A011006,固定资产投资价格指数_累计值（上年同期=100）,A01100614,其他费用价格指数_累计值（上年同期=100）
A01,国民经济指标,A0110,价格指数,A011007,全国及分城乡居民收支基本情况,A01100701,居民人均可支配收入
A01,国民经济指标,A0110,价格指数,A011007,全国及分城乡居民收支基本情况,A01100702,居民人均可支配收入_同比增长
A01,国民经济指标,A0110,价格指数,A011007,全国及分城乡居民收支基本情况,A01100703,城镇居民人均可支配收入
A01,国民经济指标,A0110,价格指数,A011007,全国及分城乡居民收支基本情况,A01100704,城镇居民人均可支配收入_同比增长
A01,国民经济指标,A0110,价格指数,A011007,全国及分城乡居民收支基本情况,A01100705,农村居民人均可支配收入
A01,国民经济指标,A0110,价格指数,A011007,全国及分城乡居民收支基本情况,A01100706,农村居民人均可支配收入_同比增长
A01,国民经济指标,A0110,价格指数,A011007,全国及分城乡居民收支基本情况,A01100707,居民人均消费支出
A01,国民经济指标,A0110,价格指数,A011007,全国及分城乡居民收支基本情况,A01100708,居民人均消费支出_同比增长
A01,国民经济指标,A0110,价格指数,A011007,全国及分城乡居民收支基本情况,A01100709,城镇居民人均消费支出
A01,国民经济指标,A0110,价格指数,A011007,全国及分城乡居民收支基本情况,A01100710,城镇居民人均消费支出_同比增长
A01,国民经济指标,A0110,价格指数,A011007,全国及分城乡居民收支基本情况,A01100711,农村居民人均消费支出
A01,国民经济指标,A0110,价格指数,A011007,全国及分城乡居民收支基本情况,A01100712,农村居民人均消费支出_同比增长
A01,国民经济指标,A0110,价格指数,A011008,工业生产者出厂价格指数(上年同月=100),A01100801,工业生产者出厂价格指数(上年同月=100)
A01,国民经济指标,A0110,价格指数,A011008,工业生产者出厂价格指数(上年同月=100),A01100802,生产资料工业生产者出厂价格指数(上年同月=100)
A01,国民经济指标,A0110,价格指数,A011008,工业生产者出厂价格指数(上年同月=100),A01100803,生活资料工业生产者出厂价格指数(上年同月=100)
A01,国民经济指标,A0110,价格指数,A011009,工业生产者出厂价格指数(上年同期=100),A01100901,工业生产者出厂价格指数(上年同期=100)
A01,国民经济指标,A0110,价格指数,A011009,工业生产者出厂价格指数(上年同期=100),A01100902,生产资料工业生产者出厂价格指数(上年同期=100)
A01,国民经济指标,A0110,价格指数,A011009,工业生产者出厂价格指数(上年同期=100),A01100903,生活资料工业生产者出厂价格指数(上年同期=100)
A01,国民经济指标,A0110,价格指数,A011010,按工业部门分工业生产者出厂价格指数(上年同月=100),A01101001,冶金工业生产者出厂价格指数(上年同月=100)
A01,国民经济指标,A0110,价格指数,A011010,按工业部门分工业生产者出厂价格指数(上年同月=100),A01101002,电力工业生产者出厂价格指数(上年同月=100)
A01,国民经济指标,A0110,价格指数,A011010,按工业部门分工业生产者出厂价格指数(上年同月=100),A01101003,煤炭及炼焦工业生产者出厂价格指数(上年同月=100)
A01,国民经济指标,A0110,价格指数,A011010,按工业部门分工业生产者出厂价格指数(上年同月=100),A01101004,石油工业生产者出厂价格指数(上年同月=100)
A01,国民经济指标,A0110,价格指数,A011010,按工业部门分工业生产者出厂价格指数(上年同月=100),A01101005,化学工业生产者出厂价格指数(上年同月=100)
A01,国民经济指标,A0110,价格指数,A011010,按工业部门分工业生产者出厂价格指数(上年同月=100),A01101006,机械工业生产者出厂价格指数(上年同月=100)
A01,国民经济指标,A0110,价格指数,A011010,按工业部门分工业生产者出厂价格指数(上年同月=100),A01101007,建筑材料工业生产者出厂价格指数(上年同月=100)
A01,国民经济指标,A0110,价格指数,A011010,按工业部门分工业生产者出厂价格指数(上年同月=100),A01101008,森林工业生产者出厂价格指数(上年同月=100)
A01,国民经济指标,A0110,价格指数,A011010,按工业部门分工业生产者出厂价格指数(上年同月=100),A01101009,食品工业生产者出厂价格指数(上年同月=100)
A01,国民经济指标,A0110,价格指数,A011010,按工业部门分工业生产者出厂价格指数(上年同月=100),A01101010,纺织工业生产者出厂价格指数(上年同月=100)
A01,国民经济指标,A0110,价格指数,A011010,按工业部门分工业生产者出厂价格指数(上年同月=100),A01101011,缝纫工业生产者出厂价格指数(上年同月=100)
A01,国民经济指标,A0110,价格指数,A011010,按工业部门分工业生产者出厂价格指数(上年同月=100),A01101012,皮革工业生产者出厂价格指数(上年同月=100)
A01,国民经济指标,A0110,价格指数,A011010,按工业部门分工业生产者出厂价格指数(上年同月=100),A01101013,造纸工业生产者出厂价格指数(上年同月=100)
A01,国民经济指标,A0110,价格指数,A011010,按工业部门分工业生产者出厂价格指数(上年同月=100),A01101014,文教艺术用品工业生产者出厂价格指数(上年同月=100)
A01,国民经济指标,A0110,价格指数,A011010,按工业部门分工业生产者出厂价格指数(上年同月=100),A01101015,其它工业生产者出厂价格指数(上年同月=100)
A01,国民经济指标,A0111,各项税收,A011101,国内增值税,,
A01,国民经济指标,A0111,各项税收,A011102,营业税,,
A01,国民经济指标,A0111,各项税收,A011103,国内消费税,,
A01,国民经济指标,A0111,各项税收,A011104,关税,,
A01,国民经济指标,A0111,各项税收,A011105,个人所得税,,
A01,国民经济指标,A0111,各项税收,A011106,企业所得税,,
A01,国民经济指标,A0112,全社会固定资产投资,A011201,固定资产投资（不含农户）,A0112001,
A01,国民经济指标,A0112,全社会固定资产投资,A011202,城镇固定资产投资,A0112002,
A01,国民经济指标,A0112,全社会固定资产投资,A011203,房地产开发投资,A0112003,
A01,国民经济指标,A0112,全社会固定资产投资,A011204,房地产开发投资_比上年增长,A0112004,
A01,国民经济指标,A0112,全社会固定资产投资,A011205,固定资产投资(不含农户)_比上年增长,A0112005,
A01,国民经济指标,A0112,全社会固定资产投资,A011206,全社会固定资产投资_比上年增长,A0112006,
A01,国民经济指标,A0112,全社会固定资产投资,A011207,按登记注册类型分全社会固定资产投资,A0112007,
A01,国民经济指标,A0112,全社会固定资产投资,A011208,全社会固定资产投资,A0112008,
A01,国民经济指标,A0112,全社会固定资产投资,A011209,内资企业全社会固定资产投资,A0112009,
A01,国民经济指标,A0112,全社会固定资产投资,A011210,国有全社会固定资产投资,A0112010,
A01,国民经济指标,A0112,全社会固定资产投资,A011211,集体全社会固定资产投资,A0112011,
A01,国民经济指标,A0112,全社会固定资产投资,A011212,股份合作全社会固定资产投资,A0112012,
A01,国民经济指标,A0112,全社会固定资产投资,A011213,联营全社会固定资产投资,A0112013,
A01,国民经济指标,A0112,全社会固定资产投资,A011214,有限责任公司全社会固定资产投资,A0112014,
A01,国民经济指标,A0112,全社会固定资产投资,A011215,股份有限公司全社会固定资产投资,A0112015,
A01,国民经济指标,A0112,全社会固定资产投资,A011216,私营全社会固定资产投资,A0112016,
A01,国民经济指标,A0112,全社会固定资产投资,A011217,个体全社会固定资产投资,A0112017,
A01,国民经济指标,A0112,全社会固定资产投资,A011218,其他全社会固定资产投资,A0112018,
A01,国民经济指标,A0112,全社会固定资产投资,A011219,港、澳、台商投资全社会固定资产投资,A0112019,
A01,国民经济指标,A0112,全社会固定资产投资,A011220,外商投资全社会固定资产投资,A0112020,
A01,国民经济指标,A0113,人口和就业,A011301,年末户籍人口,,
A01,国民经济指标,A0113,人口和就业,A011302,就业人员,A01130201,就业人员
A01,国民经济指标,A0113,人口和就业,A011302,就业人员,A01130202,城镇就业人员
A01,国民经济指标,A0113,人口和就业,A011302,就业人员,A01130203,乡村就业人员
A01,国民经济指标,A0113,人口和就业,A011303,城镇登记失业人员及失业率,A01130301,城镇登记失业人数
A01,国民经济指标,A0113,人口和就业,A011303,城镇登记失业人员及失业率,A01130302,城镇登记失业率
A01,国民经济指标,A0114,失业率,A011401,失业率_当期值,,
A02,行业指标,A0201,工业,A020101,工业出口交货值,A020101001,工业出口交货值
A02,行业指标,A0201,工业,A020101,工业出口交货值,A020101002,工业出口交货值_同比增长
A02,行业指标,A0201,工业,A020101,工业出口交货值,A020101003,煤炭开采和洗选业出口交货值_当期值
A02,行业指标,A0201,工业,A020101,工业出口交货值,A020101004,煤炭开采和洗选业出口交货值_同比增长
A02,行业指标,A0201,工业,A020101,工业出口交货值,A020101005,石油和天然气开采业出口交货值_当期值
A02,行业指标,A0201,工业,A020101,工业出口交货值,A020101006,石油和天然气开采业出口交货值_同比增长
A02,行业指标,A0201,工业,A020101,工业出口交货值,A020101007,黑色金属矿采选业出口交货值_当期值
A02,行业指标,A0201,工业,A020101,工业出口交货值,A020101008,黑色金属矿采选业出口交货值_同比增长
A02,行业指标,A0201,工业,A020101,工业出口交货值,A020101009,有色金属矿采选业出口交货值_当期值
A02,行业指标,A0201,工业,A020101,工业出口交货值,A020101010,有色金属矿采选业出口交货值_同比增长
A02,行业指标,A0201,工业,A020101,工业出口交货值,A020101011,非金属矿采选业出口交货值_当期值
A02,行业指标,A0201,工业,A020101,工业出口交货值,A020101012,非金属矿采选业出口交货值_同比增长
A02,行业指标,A0201,工业,A020101,工业出口交货值,A020101013,其他采矿业出口交货值_当期值
A02,行业指标,A0201,工业,A020101,工业出口交货值,A020101014,其他采矿业出口交货值_同比增长
A02,行业指标,A0201,工业,A020101,工业出口交货值,A020101015,农副食品加工业出口交货值_当期值
A02,行业指标,A0201,工业,A020101,工业出口交货值,A020101016,农副食品加工业出口交货值_同比增长
A02,行业指标,A0201,工业,A020101,工业出口交货值,A020101017,食品制造业出口交货值_当期值
A02,行业指标,A0201,工业,A020101,工业出口交货值,A020101018,食品制造业出口交货值_同比增长
A02,行业指标,A0201,工业,A020101,工业出口交货值,A020101019,饮料制造业出口交货值_当期值
A02,行业指标,A0201,工业,A020101,工业出口交货值,A020101020,饮料制造业出口交货值_同比增长
A02,行业指标,A0201,工业,A020101,工业出口交货值,A020101021,烟草制品业出口交货值_当期值
A02,行业指标,A0201,工业,A020101,工业出口交货值,A020101022,烟草制品业出口交货值_同比增长
A02,行业指标,A0201,工业,A020101,工业出口交货值,A020101023,纺织业出口交货值_当期值
A02,行业指标,A0201,工业,A020101,工业出口交货值,A020101024,纺织业出口交货值_累计值
A02,行业指标,A0201,工业,A020101,工业出口交货值,A020101025,纺织业出口交货值_同比增长
A02,行业指标,A0201,工业,A020101,工业出口交货值,A020101026,纺织业出口交货值_累计增长
A02,行业指标,A0201,工业,A020101,工业出口交货值,A020101027,纺织服装、鞋、帽制造业出口交货值_当期值
A02,行业指标,A0201,工业,A020101,工业出口交货值,A020101028,纺织服装、鞋、帽制造业出口交货值_同比增长
A02,行业指标,A0201,工业,A020101,工业出口交货值,A020101029,皮革、毛皮、羽毛(绒)及其制品业出口交货值_当期值
A02,行业指标,A0201,工业,A020101,工业出口交货值,A020101030,皮革、毛皮、羽毛(绒)及其制品业出口交货值_同比增长
A02,行业指标,A0201,工业,A020101,工业出口交货值,A020101031,木材加工及木、竹、藤、棕、草制品业出口交货值_当期值
A02,行业指标,A0201,工业,A020101,工业出口交货值,A020101032,木材加工及木、竹、藤、棕、草制品业出口交货值_同比增长
A02,行业指标,A0201,工业,A020101,工业出口交货值,A020101033,家具制造业出口交货值_当期值
A02,行业指标,A0201,工业,A020101,工业出口交货值,A020101034,家具制造业出口交货值_同比增长
A02,行业指标,A0201,工业,A020101,工业出口交货值,A020101035,造纸及纸制品业出口交货值_当期值
A02,行业指标,A0201,工业,A020101,工业出口交货值,A020101036,造纸及纸制品业出口交货值_同比增长
A02,行业指标,A0201,工业,A020101,工业出口交货值,A020101037,印刷业和记录媒介的复制出口交货值_当期值
A02,行业指标,A0201,工业,A020101,工业出口交货值,A020101038,印刷业和记录媒介的复制出口交货值_同比增长
A02,行业指标,A0201,工业,A020101,工业出口交货值,A020101039,文教体育用品制造业出口交货值_当期值
A02,行业指标,A0201,工业,A020101,工业出口交货值,A020101040,文教体育用品制造业出口交货值_同比增长
A02,行业指标,A0201,工业,A020101,工业出口交货值,A020101041,石油加工、炼焦及核燃料加工业出口交货值_当期值
A02,行业指标,A0201,工业,A020101,工业出口交货值,A020101042,石油加工、炼焦及核燃料加工业出口交货值_同比增长
A02,行业指标,A0201,工业,A020101,工业出口交货值,A020101043,化学原料及化学制品制造业出口交货值_当期值
A02,行业指标,A0201,工业,A020101,工业出口交货值,A020101044,化学原料及化学制品制造业出口交货值_同比增长
A02,行业指标,A0201,工业,A020101,工业出口交货值,A020101045,医药制造业出口交货值_当期值
A02,行业指标,A0201,工业,A020101,工业出口交货值,A020101046,医药制造业出口交货值_同比增长
A02,行业指标,A0201,工业,A020101,工业出口交货值,A020101047,化学纤维制造业出口交货值_当期值
A02,行业指标,A0201,工业,A020101,工业出口交货值,A020101048,化学纤维制造业出口交货值_同比增长
A02,行业指标,A0201,工业,A020101,工业出口交货值,A020101049,橡胶制品业出口交货值_当期值
A02,行业指标,A0201,工业,A020101,工业出口交货值,A020101050,橡胶制品业出口交货值_同比增长
A02,行业指标,A0201,工业,A020101,工业出口交货值,A020101051,塑料制品业出口交货值_当期值
A02,行业指标,A0201,工业,A020101,工业出口交货值,A020101052,塑料制品业出口交货值_同比增长
A02,行业指标,A0201,工业,A020101,工业出口交货值,A020101053,非金属矿物制品业出口交货值_当期值
A02,行业指标,A0201,工业,A020101,工业出口交货值,A020101054,非金属矿物制品业出口交货值_同比增长
A02,行业指标,A0201,工业,A020101,工业出口交货值,A020101055,黑色金属冶炼及压延加工业出口交货值_当期值
A02,行业指标,A0201,工业,A020101,工业出口交货值,A020101056,黑色金属冶炼及压延加工业出口交货值_同比增长
A02,行业指标,A0201,工业,A020101,工业出口交货值,A020101057,有色金属冶炼及压延加工业出口交货值_当期值
A02,行业指标,A0201,工业,A020101,工业出口交货值,A020101058,有色金属冶炼及压延加工业出口交货值_同比增长
A02,行业指标,A0201,工业,A020101,工业出口交货值,A020101059,金属制品业出口交货值_当期值
A02,行业指标,A0201,工业,A020101,工业出口交货值,A020101060,金属制品业出口交货值_同比增长
A02,行业指标,A0201,工业,A020101,工业出口交货值,A020101061,通用设备制造业出口交货值_当期值
A02,行业指标,A0201,工业,A020101,工业出口交货值,A020101062,通用设备制造业出口交货值_同比增长
A02,行业指标,A0201,工业,A020101,工业出口交货值,A020101063,专用设备制造业出口交货值_当期值
A02,行业指标,A0201,工业,A020101,工业出口交货值,A020101064,专用设备制造业出口交货值_同比增长
A02,行业指标,A0201,工业,A020101,工业出口交货值,A020101065,交通运输设备制造业出口交货值_当期值
A02,行业指标,A0201,工业,A020101,工业出口交货值,A020101066,交通运输设备制造业出口交货值_同比增长
A02,行业指标,A0201,工业,A020101,工业出口交货值,A020101067,电气机械及器材制造业出口交货值_当期值
A02,行业指标,A0201,工业,A020101,工业出口交货值,A020101068,电气机械及器材制造业出口交货值_累计值
A02,行业指标,A0201,工业,A020101,工业出口交货值,A020101069,电气机械及器材制造业出口交货值_同比增长
A02,行业指标,A0201,工业,A020101,工业出口交货值,A020101070,电气机械及器材制造业出口交货值_累计增长
A02,行业指标,A0201,工业,A020101,工业出口交货值,A020101071,通信设备、计算机及其他电子设备制造业出口交货值_当期值
A02,行业指标,A0201,工业,A020101,工业出口交货值,A020101072,通信设备、计算机及其他电子设备制造业出口交货值_同比增长
A02,行业指标,A0201,工业,A020101,工业出口交货值,A020101073,仪器仪表及文化、办公用机械制造业出口交货值_当期值
A02,行业指标,A0201,工业,A020101,工业出口交货值,A020101074,仪器仪表及文化、办公用机械制造业出口交货值_同比增长
A02,行业指标,A0201,工业,A020101,工业出口交货值,A020101075,工艺品及其他制造业出口交货值_当期值
A02,行业指标,A0201,工业,A020101,工业出口交货值,A020101076,工艺品及其他制造业出口交货值_同比增长
A02,行业指标,A0201,工业,A020101,工业出口交货值,A020101077,废弃资源和废旧材料回收加工业出口交货值_当期值
A02,行业指标,A0201,工业,A020101,工业出口交货值,A020101078,废弃资源和废旧材料回收加工业出口交货值_同比增长
A02,行业指标,A0201,工业,A020101,工业出口交货值,A020101079,电力、热力的生产和供应业出口交货值_当期值
A02,行业指标,A0201,工业,A020101,工业出口交货值,A020101080,电力、热力的生产和供应业出口交货值_同比增长
A02,行业指标,A0201,工业,A020101,工业出口交货值,A020101081,燃气生产和供应业出口交货值_当期值
A02,行业指标,A0201,工业,A020101,工业出口交货值,A020101082,燃气生产和供应业出口交货值_同比增长
A02,行业指标,A0201,工业,A020101,工业出口交货值,A020101083,水的生产和供应业出口交货值_当期值
A02,行业指标,A0201,工业,A020101,工业出口交货值,A020101084,水的生产和供应业出口交货值_同比增长
A02,行业指标,A0201,工业,A020101,工业出口交货值,A020101085,开采辅助活动出口交货值_当期值
A02,行业指标,A0201,工业,A020101,工业出口交货值,A020101086,开采辅助活动出口交货值_同比增长
A02,行业指标,A0201,工业,A020101,工业出口交货值,A020101087,酒、饮料和精制茶制造业出口交货值_当期值
A02,行业指标,A0201,工业,A020101,工业出口交货值,A020101088,酒、饮料和精制茶制造业出口交货值_同比增长
A02,行业指标,A0201,工业,A020101,工业出口交货值,A020101089,纺织服装、服饰业出口交货值_当期值
A02,行业指标,A0201,工业,A020101,工业出口交货值,A020101090,纺织服装、服饰业出口交货值_同比增长
A02,行业指标,A0201,工业,A020101,工业出口交货值,A020101091,皮革、毛皮、羽毛及其制品和制鞋业出口交货值_当期值
A02,行业指标,A0201,工业,A020101,工业出口交货值,A020101092,皮革、毛皮、羽毛及其制品和制鞋业出口交货值_同比增长
A02,行业指标,A0201,工业,A020101,工业出口交货值,A020101093,印刷和记录媒介复制业出口交货值_当期值
A02,行业指标,A0201,工业,A020101,工业出口交货值,A020101094,印刷和记录媒介复制业出口交货值_同比增长
A02,行业指标,A0201,工业,A020101,工业出口交货值,A020101095,文教、工美、体育和娱乐用品制造业出口交货值_当期值
A02,行业指标,A0201,工业,A020101,工业出口交货值,A020101096,文教、工美、体育和娱乐用品制造业出口交货值_同比增长
A02,行业指标,A0201,工业,A020101,工业出口交货值,A020101097,橡胶和塑料制品业出口交货值_当期值
A02,行业指标,A0201,工业,A020101,工业出口交货值,A020101098,橡胶和塑料制品业出口交货值_同比增长
A02,行业指标,A0201,工业,A020101,工业出口交货值,A020101099,汽车制造业出口交货值_当期值
A02,行业指标,A0201,工业,A020101,工业出口交货值,A020101100,汽车制造业出口交货值_同比增长
A02,行业指标,A0201,工业,A020101,工业出口交货值,A020101101,铁路、船舶、航空航天和其他运输设备制造业
A02,行业指标,A0201,工业,A020101,工业出口交货值,A020101102,铁路、船舶、航空航天和其他运输设备制造业出口交货值_当期值
A02,行业指标,A0201,工业,A020101,工业出口交货值,A020101103,铁路、船舶、航空航天和其他运输设备制造业出口交货值_同比增长
A02,行业指标,A0201,工业,A020101,工业出口交货值,A020101104,仪器仪表制造业出口交货值_当期值
A02,行业指标,A0201,工业,A020101,工业出口交货值,A020101105,仪器仪表制造业出口交货值_同比增长
A02,行业指标,A0201,工业,A020101,工业出口交货值,A020101106,其他制造业出口交货值_当期值
A02,行业指标,A0201,工业,A020101,工业出口交货值,A020101107,其他制造业出口交货值_同比增长
A02,行业指标,A0201,工业,A020101,工业出口交货值,A020101108,废弃资源综合利用业出口交货值_当期值
A02,行业指标,A0201,工业,A020101,工业出口交货值,A020101109,废弃资源综合利用业出口交货值_同比增长
A02,行业指标,A0201,工业,A020101,工业出口交货值,A020101110,金属制品、机械和设备修理业出口交货值_当期值
A02,行业指标,A0201,工业,A020101,工业出口交货值,A020101111,金属制品、机械和设备修理业出口交货值_同比增长
A02,行业指标,A0201,工业,A020101,工业出口交货值,A020101112,开采专业及辅助性活动出口交货值_当期值
A02,行业指标,A0201,工业,A020101,工业出口交货值,A020101113,开采专业及辅助性活动出口交货值_同比增长
A02,行业指标,A0201,工业,A020101,工业出口交货值,A020101114,木材加工和木、竹、藤、棕、草制品业出口交货值_当期值
A02,行业指标,A0201,工业,A020101,工业出口交货值,A020101115,木材加工和木、竹、藤、棕、草制品业出口交货值_同比增长
A02,行业指标,A0201,工业,A020101,工业出口交货值,A020101116,造纸和纸制品业出口交货值_当期值
A02,行业指标,A0201,工业,A020101,工业出口交货值,A020101117,造纸和纸制品业出口交货值_同比增长
A02,行业指标,A0201,工业,A020101,工业出口交货值,A020101118,石油、煤炭及其他燃料加工业出口交货值_当期值
A02,行业指标,A0201,工业,A020101,工业出口交货值,A020101119,石油、煤炭及其他燃料加工业出口交货值_同比增长
A02,行业指标,A0201,工业,A020101,工业出口交货值,A020101120,化学原料和化学制品制造业出口交货值_当期值
A02,行业指标,A0201,工业,A020101,工业出口交货值,A020101121,化学原料和化学制品制造业出口交货值_同比增长
A02,行业指标,A0201,工业,A020101,工业出口交货值,A020101122,黑色金属冶炼和压延加工业出口交货值_当期值
A02,行业指标,A0201,工业,A020101,工业出口交货值,A020101123,黑色金属冶炼和压延加工业出口交货值_同比增长
A02,行业指标,A0201,工业,A020101,工业出口交货值,A020101124,有色金属冶炼和压延加工业出口交货值_当期值
A02,行业指标,A0201,工业,A020101,工业出口交货值,A020101125,有色金属冶炼和压延加工业出口交货值_同比增长
A02,行业指标,A0201,工业,A020101,工业出口交货值,A020101126,电气机械和器材制造业出口交货值_当期值
A02,行业指标,A0201,工业,A020101,工业出口交货值,A020101127,电气机械和器材制造业出口交货值_同比增长
A02,行业指标,A0201,工业,A020101,工业出口交货值,A020101128,计算机、通信和其他电子设备制造业出口交货值_当期值
A02,行业指标,A0201,工业,A020101,工业出口交货值,A020101129,计算机、通信和其他电子设备制造业出口交货值_同比增长
A02,行业指标,A0201,工业,A020101,工业出口交货值,A020101130,电力、热力生产和供应业出口交货值_当期值
A02,行业指标,A0201,工业,A020101,工业出口交货值,A020101131,电力、热力生产和供应业出口交货值_同比增长
A02,行业指标,A0201,工业,A020102,工业增加值,A02010201,工业增加值_同比增长
A02,行业指标,A0201,工业,A020102,工业增加值,A02010202,工业增加值_累计增长
A02,行业指标,A0201,工业,A020103,私营工业企业主要经济指标,A02010301,私营工业企业单位数
A02,行业指标,A0201,工业,A020103,私营工业企业主要经济指标,A02010302,私营工业企业亏损企业单位数
A02,行业指标,A0201,工业,A020103,私营工业企业主要经济指标,A02010303,私营工业企业实收资本
A02,行业指标,A0201,工业,A020104,按三大门类分工业增加值增长速度,A02010401,采矿业增加值_同比增长
A02,行业指标,A0201,工业,A020104,按三大门类分工业增加值增长速度,A02010402,采矿业增加值_累计增长
A02,行业指标,A0201,工业,A020104,按三大门类分工业增加值增长速度,A02010403,制造业增加值_同比增长
A02,行业指标,A0201,工业,A020104,按三大门类分工业增加值增长速度,A02010404,制造业增加值_累计增长
A02,行业指标,A0201,工业,A020104,按三大门类分工业增加值增长速度,A02010405,电力、热力、燃气及水生产和供应业增加值_同比增长
A02,行业指标,A0201,工业,A020104,按三大门类分工业增加值增长速度,A02010406,电力、热力、燃气及水生产和供应业增加值_累计增长
A02,行业指标,A0201,工业,A020105,产品销售率(按现价计算),A02010501,产品销售率(按现价计算)_当月值
A02,行业指标,A0201,工业,A020105,产品销售率(按现价计算),A02010502,产品销售率(按现价计算)_累计值
A02,行业指标,A0201,工业,A020105,产品销售率(按现价计算),A02010503,产品销售率(按现价计算)_同比增长
A02,行业指标,A0201,工业,A020105,产品销售率(按现价计算),A02010504,产品销售率(按现价计算)_累计增长
A02,行业指标,A0201,工业,A020106,工业产品产量,A02010601,原煤产量
A02,行业指标,A0201,工业,A020106,工业产品产量,A02010602,原油产量
A02,行业指标,A0201,工业,A020106,工业产品产量,A02010603,天然气产量
A02,行业指标,A0201,工业,A020106,工业产品产量,A02010604,原盐产量
A02,行业指标,A0201,工业,A020106,工业产品产量,A02010605,精制食用植物油产量
A02,行业指标,A0201,工业,A020106,工业产品产量,A02010606,成品糖产量
A02,行业指标,A0201,工业,A020106,工业产品产量,A02010607,罐头产量
A02,行业指标,A0201,工业,A020106,工业产品产量,A02010608,啤酒产量
A02,行业指标,A0201,工业,A020106,工业产品产量,A02010609,卷烟产量
A02,行业指标,A0201,工业,A020106,工业产品产量,A02010610,纱产量
A02,行业指标,A0201,工业,A020106,工业产品产量,A02010611,布产量
A02,行业指标,A0201,工业,A020106,工业产品产量,A02010612,机制纸及纸板产量
A02,行业指标,A0201,工业,A020106,工业产品产量,A02010613,汽油产量
A02,行业指标,A0201,工业,A020106,工业产品产量,A02010614,柴油产量
A02,行业指标,A0201,工业,A020106,工业产品产量,A02010615,焦炭产量
A02,行业指标,A0201,工业,A020106,工业产品产量,A02010616,硫酸(折100%)产量
A02,行业指标,A0201,工业,A020106,工业产品产量,A02010617,烧碱(折100%)产量
A02,行业指标,A0201,工业,A020106,工业产品产量,A02010618,纯碱(碳酸钠)产量
A02,行业指标,A0201,工业,A020106,工业产品产量,A02010619,乙烯产量
A02,行业指标,A0201,工业,A020106,工业产品产量,A02010620,合成氨产量
A02,行业指标,A0201,工业,A020106,工业产品产量,A02010621,农用氮、磷、钾化肥产量
A02,行业指标,A0201,工业,A020106,工业产品产量,A02010622,氮肥产量
A02,行业指标,A0201,工业,A020106,工业产品产量,A02010623,磷肥产量
A02,行业指标,A0201,工业,A020106,工业产品产量,A02010624,化学农药原药产量
A02,行业指标,A0201,工业,A020106,工业产品产量,A02010625,初级形态的塑料产量
A02,行业指标,A0201,工业,A020106,工业产品产量,A02010626,合成橡胶产量
A02,行业指标,A0201,工业,A020106,工业产品产量,A02010627,合成洗涤剂产量
A02,行业指标,A0201,工业,A020106,工业产品产量,A02010628,化学药品原药产量
A02,行业指标,A0201,工业,A020106,工业产品产量,A02010629,中成药产量
A02,行业指标,A0201,工业,A020106,工业产品产量,A02010630,化学纤维产量
A02,行业指标,A0201,工业,A020106,工业产品产量,A02010631,橡胶轮胎外胎产量
A02,行业指标,A0201,工业,A020106,工业产品产量,A02010632,水泥产量
A02,行业指标,A0201,工业,A020106,工业产品产量,A02010633,平板玻璃产量
A02,行业指标,A0201,工业,A020106,工业产品产量,A02010634,生铁产量
A02,行业指标,A0201,工业,A020106,工业产品产量,A02010635,粗钢产量
A02,行业指标,A0201,工业,A020106,工业产品产量,A02010636,钢材产量
A02,行业指标,A0201,工业,A020106,工业产品产量,A02010637,重轨产量
A02,行业指标,A0201,工业,A020106,工业产品产量,A02010638,大型型钢产量
A02,行业指标,A0201,工业,A020106,工业产品产量,A02010639,中小型型钢产量
A02,行业指标,A0201,工业,A020106,工业产品产量,A02010640,棒材产量
A02,行业指标,A0201,工业,A020106,工业产品产量,A02010641,钢筋产量
A02,行业指标,A0201,工业,A020106,工业产品产量,A02010642,线材产量
A02,行业指标,A0201,工业,A020106,工业产品产量,A02010643,特厚板产量
A02,行业指标,A0201,工业,A020106,工业产品产量,A02010644,厚钢板产量
A02,行业指标,A0201,工业,A020106,工业产品产量,A02010645,中厚宽钢带产量
A02,行业指标,A0201,工业,A020106,工业产品产量,A02010646,热轧薄宽钢带产量
A02,行业指标,A0201,工业,A020106,工业产品产量,A02010647,冷轧薄宽钢带产量
A02,行业指标,A0201,工业,A020106,工业产品产量,A02010648,镀层板产量
A02,行业指标,A0201,工业,A020106,工业产品产量,A02010649,十种有色金属产量
A02,行业指标,A0201,工业,A020106,工业产品产量,A02010650,精炼铜产量
A02,行业指标,A0201,工业,A020106,工业产品产量,A02010651,原铝(电解铝)产量
A02,行业指标,A0201,工业,A020106,工业产品产量,A02010652,氧化铝产量
A02,行业指标,A0201,工业,A020106,工业产品产量,A02010653,发动机产量
A02,行业指标,A0201,工业,A020106,工业产品产量,A02010654,金属切削机床产量
A02,行业指标,A0201,工业,A020106,工业产品产量,A02010655,矿山专用设备产量
A02,行业指标,A0201,工业,A020106,工业产品产量,A02010656,炼油、化工生产专用设备产量
A02,行业指标,A0201,工业,A020106,工业产品产量,A02010657,大中型拖拉机产量
A02,行业指标,A0201,工业,A020106,工业产品产量,A02010658,铁路客车产量
A02,行业指标,A0201,工业,A020106,工业产品产量,A02010659,铁路货车产量
A02,行业指标,A0201,工业,A020106,工业产品产量,A02010660,汽车产量
A02,行业指标,A0201,工业,A020106,工业产品产量,A02010661,轿车产量
A02,行业指标,A0201,工业,A020106,工业产品产量,A02010662,客车产量
A02,行业指标,A0201,工业,A020106,工业产品产量,A02010663,载货汽车产量
A02,行业指标,A0201,工业,A020106,工业产品产量,A02010664,摩托车整车产量
A02,行业指标,A0201,工业,A020106,工业产品产量,A02010665,两轮脚踏自行车产量
A02,行业指标,A0201,工业,A020106,工业产品产量,A02010666,发电机组产量
A02,行业指标,A0201,工业,A020106,工业产品产量,A02010667,家用电冰箱产量
A02,行业指标,A0201,工业,A020106,工业产品产量,A02010668,房间空气调节器产量
A02,行业指标,A0201,工业,A020106,工业产品产量,A02010669,家用电风扇产量
A02,行业指标,A0201,工业,A020106,工业产品产量,A02010670,家用吸排油烟机产量
A02,行业指标,A0201,工业,A020106,工业产品产量,A02010671,家用洗衣机产量
A02,行业指标,A0201,工业,A020106,工业产品产量,A02010672,家用吸尘器产量
A02,行业指标,A0201,工业,A020106,工业产品产量,A02010673,程控交换机产量
A02,行业指标,A0201,工业,A020106,工业产品产量,A02010674,电话单机产量
A02,行业指标,A0201,工业,A020106,工业产品产量,A02010675,传真机产量
A02,行业指标,A0201,工业,A020106,工业产品产量,A02010676,移动通信手持机产量
A02,行业指标,A0201,工业,A020106,工业产品产量,A02010677,微型计算机设备产量
A02,行业指标,A0201,工业,A020106,工业产品产量,A02010678,笔记本计算机产量
A02,行业指标,A0201,工业,A020106,工业产品产量,A02010679,显示器产量
A02,行业指标,A0201,工业,A020106,工业产品产量,A02010680,集成电路产量
A02,行业指标,A0201,工业,A020106,工业产品产量,A02010681,彩色电视机产量
A02,行业指标,A0201,工业,A020106,工业产品产量,A02010682,组合音响产量
A02,行业指标,A0201,工业,A020106,工业产品产量,A02010683,照相机产量
A02,行业指标,A0201,工业,A020106,工业产品产量,A02010684,数码照相机产量
A02,行业指标,A0201,工业,A020106,工业产品产量,A02010685,复印和胶版印制设备产量
A02,行业指标,A0201,工业,A020106,工业产品产量,A02010686,发电量
A02,行业指标,A0201,工业,A020106,工业产品产量,A02010687,火电发电量
A02,行业指标,A0201,工业,A020106,工业产品产量,A02010688,水电发电量
A02,行业指标,A0201,工业,A020106,工业产品产量,A02010689,房间空调器产量
A02,行业指标,A0201,工业,A020106,工业产品产量,A02010690,微型电子计算机产量
A02,行业指标,A0202,建筑业,A020201,建筑业总产值,A02020101,建筑业总产值_累计值
A02,行业指标,A0202,建筑业,A020201,建筑业总产值,A02020102,装饰装修产值_累计值
A02,行业指标,A0202,建筑业,A020201,建筑业总产值,A02020103,在外省完成的产值_累计值
A02,行业指标,A0202,建筑业,A020201,建筑业总产值,A02020104,建筑工程产值_累计值
A02,行业指标,A0202,建筑业,A020201,建筑业总产值,A02020105,安装工程产值_累计值
A02,行业指标,A0202,建筑业,A020201,建筑业总产值,A02020106,其他产值_累计值
A02,行业指标,A0202,建筑业,A020201,建筑业总产值,A02020107,建筑业竣工产值_累计值
A02,行业指标,A0202,建筑业,A020201,建筑工程产值,A02020108,建筑工程产值
A02,行业指标,A0202,建筑业,A020201,建筑工程产值,A02020109,安装工程产值
A02,行业指标,A0202,建筑业,A020201,建筑工程产值,A02020110,其他产值
A02,行业指标,A0202,建筑业,A020202,建筑业企业概况,A02020201,建筑业企业单位数
A02,行业指标,A0202,建筑业,A020202,建筑业企业概况,A02020202,国有建筑业企业单位数
A02,行业指标,A0202,建筑业,A020202,建筑业企业概况,A02020203,集体建筑业企业单位数
A02,行业指标,A0202,建筑业,A020202,建筑业企业概况,A02020204,港澳台商投资建筑业企业单位数
A02,行业指标,A0202,建筑业,A020202,建筑业企业概况,A02020205,外商投资建筑业企业单位数
A02,行业指标,A0202,建筑业,A020202,建筑业企业概况,A02020206,其他建筑业企业单位数
A02,行业指标,A0202,建筑业,A020203,建筑业房屋施工面积,A0202018,建筑业房屋施工面积
A02,行业指标,A0203,农业,A020301,农林牧渔业总产值,A02030101,农林牧渔业总产值
A02,行业指标,A0203,农业,A020301,农林牧渔业总产值,A02030102,农业总产值
A02,行业指标,A0203,农业,A020301,农林牧渔业总产值,A02030103,林业总产值
A02,行业指标,A0203,农业,A020301,农林牧渔业总产值,A02030104,牧业总产值
A02,行业指标,A0203,农业,A020301,农林牧渔业总产值,A02030105,渔业总产值
A02,行业指标,A0203,农业,A020302,农林牧渔业总产值指数(上年=100),A02030201,农林牧渔业总产值指数(上年=100)
A02,行业指标,A0203,农业,A020302,农林牧渔业总产值指数(上年=100),A02030202,农业总产值指数(上年=100)
A02,行业指标,A0203,农业,A020302,农林牧渔业总产值指数(上年=100),A02030203,林业总产值指数(上年=100)
A02,行业指标,A0203,农业,A020302,农林牧渔业总产值指数(上年=100),A02030204,牧业总产值指数(上年=100)
A02,行业指标,A0203,农业,A020302,农林牧渔业总产值指数(上年=100),A02030205,渔业总产值指数(上年=100)
A02,行业指标,A0203,农业,A020303,农林牧渔业总产值指数(1952=100),A02030301,农林牧渔业总产值指数(1952=100)
A02,行业指标,A0203,农业,A020303,农林牧渔业总产值指数(1952=100),A02030302,农业总产值指数(1952=100)
A02,行业指标,A0203,农业,A020303,农林牧渔业总产值指数(1952=100),A02030303,林业总产值指数(1952=100)
A02,行业指标,A0203,农业,A020303,农林牧渔业总产值指数(1952=100),A02030304,牧业总产值指数(1952=100)
A02,行业指标,A0203,农业,A020303,农林牧渔业总产值指数(1952=100),A02030305,渔业总产值指数(1952=100)
A02,行业指标,A0203,农业,A020304,主要农作物产品产量,A02030401,夏收粮食产量
A02,行业指标,A0203,农业,A020304,主要农作物产品产量,A02030402,秋粮产量
A02,行业指标,A0203,农业,A020304,主要农作物产品产量,A02030403,谷物产量
A02,行业指标,A0203,农业,A020304,主要农作物产品产量,A02030404,稻谷产量
A02,行业指标,A0203,农业,A020304,主要农作物产品产量,A02030405,早稻产量
A02,行业指标,A0203,农业,A020304,主要农作物产品产量,A02030406,中稻和一季晚稻产量
A02,行业指标,A0203,农业,A020304,主要农作物产品产量,A02030407,双季晚稻产量
A02,行业指标,A0203,农业,A020304,主要农作物产品产量,A02030408,小麦产量
A02,行业指标,A0203,农业,A020304,主要农作物产品产量,A02030409,冬小麦产量
A02,行业指标,A0203,农业,A020304,主要农作物产品产量,A02030410,春小麦产量
A02,行业指标,A0203,农业,A020304,主要农作物产品产量,A02030411,玉米产量
A02,行业指标,A0203,农业,A020304,主要农作物产品产量,A02030412,谷子产量
A02,行业指标,A0203,农业,A020304,主要农作物产品产量,A02030413,高粱产量
A02,行业指标,A0203,农业,A020304,主要农作物产品产量,A02030414,其他谷物产量
A02,行业指标,A0203,农业,A020304,主要农作物产品产量,A02030415,大麦产量
A02,行业指标,A0203,农业,A020304,主要农作物产品产量,A02030416,豆类产量
A02,行业指标,A0203,农业,A020304,主要农作物产品产量,A02030417,绿豆产量
A02,行业指标,A0203,农业,A020304,主要农作物产品产量,A02030418,红小豆产量
A02,行业指标,A0203,农业,A020304,主要农作物产品产量,A02030419,大豆产量
A02,行业指标,A0203,农业,A020304,主要农作物产品产量,A02030420,薯类产量
A02,行业指标,A0203,农业,A020304,主要农作物产品产量,A02030421,马铃薯产量
A02,行业指标,A0203,农业,A020304,主要农作物产品产量,A02030422,棉花产量
A02,行业指标,A0203,农业,A020304,主要农作物产品产量,A02030423,油料产量
A02,行业指标,A0203,农业,A020304,主要农作物产品产量,A02030424,花生产量
A02,行业指标,A0203,农业,A020304,主要农作物产品产量,A02030425,油菜籽产量
A02,行业指标,A0203,农业,A020304,主要农作物产品产量,A02030426,芝麻产量
A02,行业指标,A0203,农业,A020304,主要农作物产品产量,A02030427,葵花籽产量
A02,行业指标,A0203,农业,A020304,主要农作物产品产量,A02030428,胡麻籽产量
A02,行业指标,A0203,农业,A020304,主要农作物产品产量,A02030429,糖料产量
A02,行业指标,A0203,农业,A020304,主要农作物产品产量,A02030430,麻类产量
A02,行业指标,A0203,农业,A020304,主要农作物产品产量,A02030431,黄红麻产量
A02,行业指标,A0203,农业,A020304,主要农作物产品产量,A02030432,亚麻产量
A02,行业指标,A0203,农业,A020304,主要农作物产品产量,A02030433,大麻产量
A02,行业指标,A0203,农业,A020304,主要农作物产品产量,A02030434,苎麻产量
A02,行业指标,A0203,农业,A020304,主要农作物产品产量,A02030435,甘蔗产量
A02,行业指标,A0203,农业,A020304,主要农作物产品产量,A02030436,甜菜产量
A02,行业指标,A0203,农业,A020304,主要农作物产品产量,A02030437,烟叶产量
A02,行业指标,A0203,农业,A020304,主要农作物产品产量,A02030438,烤烟产量
A02,行业指标,A0203,农业,A020304,主要农作物产品产量,A02030439,蔬菜产量
A02,行业指标,A0203,农业,A020305,畜产品产量,A02030501,肉类产量
A02,行业指标,A0203,农业,A020305,畜产品产量,A02030502,猪肉产量
A02,行业指标,A0203,农业,A020305,畜产品产量,A02030503,牛肉产量
A02,行业指标,A0203,农业,A020305,畜产品产量,A02030504,羊肉产量
A02,行业指标,A0203,农业,A020305,畜产品产量,A02030505,牛奶产量
A02,行业指标,A0203,农业,A020305,畜产品产量,A02030506,绵羊毛产量
A02,行业指标,A0203,农业,A020305,畜产品产量,A02030507,细羊毛产量
A02,行业指标,A0203,农业,A020305,畜产品产量,A02030508,半细羊毛产量
A02,行业指标,A0203,农业,A020305,畜产品产量,A02030509,山羊粗毛产量
A02,行业指标,A0203,农业,A020305,畜产品产量,A02030510,羊绒产量
A02,行业指标,A0203,农业,A020305,畜产品产量,A02030511,禽蛋产量
A02,行业指标,A0203,农业,A020305,畜产品产量,A02030512,蜂蜜产量
A02,行业指标,A0203,农业,A020305,畜产品产量,A02030513,山羊毛产量
A02,行业指标,A0203,农业,A020306,水产品产量,A02030601,水产品总产量
A02,行业指标,A0203,农业,A020306,水产品产量,A02030602,海水产品产量
A02,行业指标,A0203,农业,A020306,水产品产量,A02030603,天然生产海水产品产量
A02,行业指标,A0203,农业,A020306,水产品产量,A02030604,人工养殖海水产品产量
A02,行业指标,A0203,农业,A020306,水产品产量,A02030605,鱼类海水产品产量
A02,行业指标,A0203,农业,A020306,水产品产量,A02030606,虾蟹类海水产品产量
A02,行业指标,A0203,农业,A020306,水产品产量,A02030607,贝类海水产品产量
A02,行业指标,A0203,农业,A020306,水产品产量,A02030608,藻类海水产品产量
A02,行业指标,A0203,农业,A020306,水产品产量,A02030609,其他海水产品产量
A02,行业指标,A0203,农业,A020306,水产品产量,A02030610,淡水产品产量
A02,行业指标,A0203,农业,A020306,水产品产量,A02030611,天然生产淡水产品产量
A02,行业指标,A0203,农业,A020306,水产品产量,A02030612,人工养殖淡水产品产量
A02,行业指标,A0203,农业,A020306,水产品产量,A02030613,鱼类淡水产品产量
A02,行业指标,A0203,农业,A020306,水产品产量,A02030614,虾蟹类淡水产品产量
A02,行业指标,A0203,农业,A020306,水产品产量,A02030615,贝类淡水产品产量
A02,行业指标,A0203,农业,A020306,水产品产量,A02030616,其他淡水产品产量
A02,行业指标,A0203,农业,A020306,水产品产量,A02030617,捕捞产量
A02,行业指标,A0203,农业,A020306,水产品产量,A02030618,养殖产量
A02,行业指标,A0203,农业,A020306,水产品产量,A02030619,鱼类产量
A02,行业指标,A0203,农业,A020306,水产品产量,A02030620,虾蟹类产量
A02,行业指标,A0203,农业,A020306,水产品产量,A02030621,贝类产量
A02,行业指标,A0203,农业,A020306,水产品产量,A02030622,藻类产量
A02,行业指标,A0203,农业,A020306,水产品产量,A02030623,海洋捕捞产量
A02,行业指标,A0203,农业,A020306,水产品产量,A02030624,海水养殖产量
A02,行业指标,A0203,农业,A020306,水产品产量,A02030625,淡水捕捞产量
A02,行业指标,A0203,农业,A020306,水产品产量,A02030626,淡水养殖产量
A02,行业指标,A0204,运输和邮电,A020401,交通运输、邮电通信业就业人员数,A02040101,铁路运输业就业人员数
A02,行业指标,A0204,运输和邮电,A020401,交通运输、邮电通信业就业人员数,A02040102,公路运输业就业人员数
A02,行业指标,A0204,运输和邮电,A020401,交通运输、邮电通信业就业人员数,A02040103,城市公共交通业就业人员数
A02,行业指标,A0204,运输和邮电,A020401,交通运输、邮电通信业就业人员数,A02040104,水上运输业就业人员数
A02,行业指标,A0204,运输和邮电,A020401,交通运输、邮电通信业就业人员数,A02040105,航空运输业就业人员数
A02,行业指标,A0204,运输和邮电,A020401,交通运输、邮电通信业就业人员数,A02040106,管道运输业就业人员数
A02,行业指标,A0204,运输和邮电,A020401,交通运输、邮电通信业就业人员数,A02040107,装卸搬运和其他运输服务业就业人员数
A02,行业指标,A0204,运输和邮电,A020401,交通运输、邮电通信业就业人员数,A02040108,邮政业就业人员数
A02,行业指标,A0204,运输和邮电,A020401,交通运输、邮电通信业就业人员数,A02040109,电信和其他信息传输服务业就业人员数
A02,行业指标,A0204,运输和邮电,A020402,运输线路长度,A02040201,铁路营业里程
A02,行业指标,A0204,运输和邮电,A020402,运输线路长度,A02040202,铁路电气化里程
A02,行业指标,A0204,运输和邮电,A020402,运输线路长度,A02040203,公路里程
A02,行业指标,A0204,运输和邮电,A020402,运输线路长度,A02040204,等级公路里程
A02,行业指标,A0204,运输和邮电,A020402,运输线路长度,A02040205,高速等级路公路里程
A02,行业指标,A0204,运输和邮电,A020402,运输线路长度,A02040206,一级等级公路里程
A02,行业指标,A0204,运输和邮电,A020402,运输线路长度,A02040207,二级等级公路里程
A02,行业指标,A0204,运输和邮电,A020402,运输线路长度,A02040208,等外公路公路里程
A02,行业指标,A0204,运输和邮电,A020402,运输线路长度,A02040209,内河航道里程
A02,行业指标,A0204,运输和邮电,A020402,运输线路长度,A02040210,定期航班航线里程
A02,行业指标,A0204,运输和邮电,A020402,运输线路长度,A02040211,国际航线线路长度
A02,行业指标,A0204,运输和邮电,A020402,运输线路长度,A02040212,管道输油(气)里程
A02,行业指标,A0204,运输和邮电,A020402,运输线路长度,A02040213,高速等级公路里程
A02,行业指标,A0204,运输和邮电,A020403,运输线路质量,A02040301,国家铁路营业里程
A02,行业指标,A0204,运输和邮电,A020403,运输线路质量,A02040302,国家铁路复线里程
A02,行业指标,A0204,运输和邮电,A020403,运输线路质量,A02040303,国家铁路复线里程占营业里程比重
A02,行业指标,A0204,运输和邮电,A020403,运输线路质量,A02040304,国家铁路自动闭塞里程
A02,行业指标,A0204,运输和邮电,A020403,运输线路质量,A02040305,公路里程
A02,行业指标,A0204,运输和邮电,A020403,运输线路质量,A02040306,等级公路里程
A02,行业指标,A0204,运输和邮电,A020403,运输线路质量,A02040307,等级公路里程比重
A02,行业指标,A0204,运输和邮电,A020403,运输线路质量,A02040308,内河航道里程
A02,行业指标,A0204,运输和邮电,A020403,运输线路质量,A02040309,等级航道里程
A02,行业指标,A0204,运输和邮电,A020403,运输线路质量,A02040310,等级航道里程比重
A02,行业指标,A0204,运输和邮电,A020404,客运量,A02040401,旅客运输量
A02,行业指标,A0204,运输和邮电,A020404,客运量,A02040402,铁路客运量
A02,行业指标,A0204,运输和邮电,A020404,客运量,A02040403,国家铁路客运量
A02,行业指标,A0204,运输和邮电,A020404,客运量,A02040404,地方铁路客运量
A02,行业指标,A0204,运输和邮电,A020404,客运量,A02040405,合资铁路客运量
A02,行业指标,A0204,运输和邮电,A020404,客运量,A02040406,公路客运量
A02,行业指标,A0204,运输和邮电,A020404,客运量,A02040407,水运客运量
A02,行业指标,A0204,运输和邮电,A020404,客运量,A02040408,民用航空客运量
A02,行业指标,A0204,运输和邮电,A020404,客运量,A02040409,客运量
A02,行业指标,A0204,运输和邮电,A020405,旅客周转量,A02040501,旅客周转量
A02,行业指标,A0204,运输和邮电,A020405,旅客周转量,A02040502,铁路旅客周转量
A02,行业指标,A0204,运输和邮电,A020405,旅客周转量,A02040503,国家铁路旅客周转量
A02,行业指标,A0204,运输和邮电,A020405,旅客周转量,A02040504,地方铁路旅客周转量
A02,行业指标,A0204,运输和邮电,A020405,旅客周转量,A02040505,合资铁路旅客周转量
A02,行业指标,A0204,运输和邮电,A020405,旅客周转量,A02040506,公路旅客周转量
A02,行业指标,A0204,运输和邮电,A020405,旅客周转量,A02040507,水运旅客周转量
A02,行业指标,A0204,运输和邮电,A020405,旅客周转量,A02040508,民用航空旅客周转量
A02,行业指标,A0204,运输和邮电,A020406,货运量,A02040601,货物运输量
A02,行业指标,A0204,运输和邮电,A020406,货运量,A02040602,铁路货运量
A02,行业指标,A0204,运输和邮电,A020406,货运量,A02040603,国家铁路货运量
A02,行业指标,A0204,运输和邮电,A020406,货运量,A02040604,地方铁路货运量
A02,行业指标,A0204,运输和邮电,A020406,货运量,A02040605,合资铁路货运量
A02,行业指标,A0204,运输和邮电,A020406,货运量,A02040606,公路货运量
A02,行业指标,A0204,运输和邮电,A020406,货运量,A02040607,水运货运量
A02,行业指标,A0204,运输和邮电,A020406,货运量,A02040608,远洋货运量
A02,行业指标,A0204,运输和邮电,A020406,货运量,A02040609,民用航空货运量
A02,行业指标,A0204,运输和邮电,A020406,货运量,A02040610,管道货运量
A02,行业指标,A0204,运输和邮电,A020406,货运量,A02040611,货运量
A02,行业指标,A0204,运输和邮电,A020407,邮电业务量,A02040701,邮电业务总量
A02,行业指标,A0204,运输和邮电,A020407,邮电业务量,A02040702,邮政业务总量
A02,行业指标,A0204,运输和邮电,A020407,邮电业务量,A02040703,电信业务总量
A02,行业指标,A0204,运输和邮电,A020407,邮电业务量,A02040704,函件数
A02,行业指标,A0204,运输和邮电,A020407,邮电业务量,A02040705,包裹数
A02,行业指标,A0204,运输和邮电,A020407,邮电业务量,A02040706,报刊期发数
A02,行业指标,A0204,运输和邮电,A020407,邮电业务量,A02040707,汇票业务
A02,行业指标,A0204,运输和邮电,A020407,邮电业务量,A02040708,集邮业务量
A02,行业指标,A0204,运输和邮电,A020407,邮电业务量,A02040709,固定本地电话通话时长
A02,行业指标,A0204,运输和邮电,A020407,邮电业务量,A02040710,固定电话长途通话时长
A02,行业指标,A0204,运输和邮电,A020407,邮电业务量,A02040711,移动短信业务量
A02,行业指标,A0204,运输和邮电,A020407,邮电业务量,A02040712,移动电话通话时长
A02,行业指标,A0204,运输和邮电,A020407,邮电业务量,A02040713,移动电话去话通话时长
A02,行业指标,A0204,运输和邮电,A020407,邮电业务量,A02040714,移动电话非漫游去话通话时长
A02,行业指标,A0204,运输和邮电,A020407,邮电业务量,A02040715,移动电话国内漫游去话通话时长
A02,行业指标,A0204,运输和邮电,A020407,邮电业务量,A02040716,移动电话国际及港澳台漫游去话通话时长
A02,行业指标,A0204,运输和邮电,A020407,邮电业务量,A02040717,移动电话漫游国家和地区
A02,行业指标,A0204,运输和邮电,A020407,邮电业务量,A02040718,移动电话年末用户
A02,行业指标,A0204,运输和邮电,A020407,邮电业务量,A02040719,3G移动电话用户
A02,行业指标,A0204,运输和邮电,A020407,邮电业务量,A02040720,固定电话年末用户
A02,行业指标,A0204,运输和邮电,A020407,邮电业务量,A02040721,城市电话年末用户数
A02,行业指标,A0204,运输和邮电,A020407,邮电业务量,A02040722,城市住宅电话年末用户数
A02,行业指标,A0204,运输和邮电,A020407,邮电业务量,A02040723,农村电话年末用户数
A02,行业指标,A0204,运输和邮电,A020407,邮电业务量,A02040724,农村住宅电话年末用户数
A02,行业指标,A0204,运输和邮电,A020407,邮电业务量,A02040725,公用电话用户
A02,行业指标,A0204,运输和邮电,A020408,快递业务量,A02040801,快递量
A02,行业指标,A0204,运输和邮电,A020408,快递业务量,A02040802,国内同城快递量
A02,行业指标,A0204,运输和邮电,A020408,快递业务量,A02040803,国内异地快递量
A02,行业指标,A0204,运输和邮电,A020408,快递业务量,A02040804,国际及港澳台快递量
A02,行业指标,A0204,运输和邮电,A020408,快递业务量,A02040805,快递业务收入
A02,行业指标,A0204,运输和邮电,A020409,邮政业网点及邮递线路,A02040901,邮政业网点及邮递线路
A02,行业指标,A0204,运输和邮电,A020409,邮政业网点及邮递线路,A02040902,营业网点
A02,行业指标,A0204,运输和邮电,A020409,邮政业网点及邮递线路,A02040903,快递营业网点
A02,行业指标,A0204,运输和邮电,A020409,邮政业网点及邮递线路,A02040904,信筒信箱数量
A02,行业指标,A0204,运输和邮电,A020409,邮政业网点及邮递线路,A02040905,农村投递路线
A02,行业指标,A0204,运输和邮电,A020409,邮政业网点及邮递线路,A02040906,城市投递路线
A02,行业指标,A0204,运输和邮电,A020409,邮政业网点及邮递线路,A02040907,邮路总长度
A02,行业指标,A0204,运输和邮电,A020409,邮政业网点及邮递线路,A02040908,航空邮路总长度
A02,行业指标,A0204,运输和邮电,A020409,邮政业网点及邮递线路,A02040909,铁路邮路总长度
A02,行业指标,A0204,运输和邮电,A020409,邮政业网点及邮递线路,A02040910,汽车邮路总长度
A02,行业指标,A0204,运输和邮电,A020409,邮政业网点及邮递线路,A02040911,邮政营业网点
A02,行业指标,A0204,运输和邮电,A020410,互联网主要指标发展情况,A0204103,互联网上网人数
A02,行业指标,A0204,运输和邮电,A020410,互联网主要指标发展情况,A0204104,域名数
A02,行业指标,A0204,运输和邮电,A020410,互联网主要指标发展情况,A0204105,网站数
A02,行业指标,A0204,运输和邮电,A020410,互联网主要指标发展情况,A0204106,网页数
A02,行业指标,A0204,运输和邮电,A020410,互联网主要指标发展情况,A0204107,IPv4地址数
A02,行业指标,A0204,运输和邮电,A020410,互联网主要指标发展情况,A0204108,互联网国际出口带宽
A02,行业指标,A0204,运输和邮电,A020410,互联网主要指标发展情况,A0204109,互联网宽带接入端口
A02,行业指标,A0204,运输和邮电,A020410,互联网主要指标发展情况,A0204110,互联网拨号用户
A02,行业指标,A0204,运输和邮电,A020410,互联网主要指标发展情况,A0204111,互联网宽带接入用户
A02,行业指标,A0204,运输和邮电,A020410,互联网主要指标发展情况,A0204112,城市宽带接入用户
A02,行业指标,A0204,运输和邮电,A020410,互联网主要指标发展情况,A0204113,农村宽带接入用户
A02,行业指标,A0204,运输和邮电,A020410,互联网主要指标发展情况,A0204114,移动互联网用户
A02,行业指标,A0204,运输和邮电,A020410,互联网主要指标发展情况,A0204115,移动互联网接入流量
A02,行业指标,A0205,文化,A020501,按行业分规模以上文化及相关产业企业营业收入,A02050101,规模以上文化及相关产业企业营业收入_累计值
A02,行业指标,A0205,文化,A020501,按行业分规模以上文化及相关产业企业营业收入,A02050102,规模以上文化及相关产业企业营业收入_累计增长
A02,行业指标,A0205,文化,A020501,按行业分规模以上文化及相关产业企业营业收入,A02050103,规模以上新闻信息服务营业收入_累计值
A02,行业指标,A0205,文化,A020501,按行业分规模以上文化及相关产业企业营业收入,A02050104,规模以上新闻信息服务营业收入_累计增长
A02,行业指标,A0205,文化,A020501,按行业分规模以上文化及相关产业企业营业收入,A02050105,规模以上内容创作生产营业收入_累计值
A02,行业指标,A0205,文化,A020501,按行业分规模以上文化及相关产业企业营业收入,A02050106,规模以上内容创作生产营业收入_累计增长
A02,行业指标,A0205,文化,A020501,按行业分规模以上文化及相关产业企业营业收入,A02050107,规模以上创意设计服务营业收入_累计值
A02,行业指标,A0205,文化,A020501,按行业分规模以上文化及相关产业企业营业收入,A02050108,规模以上创意设计服务营业收入_累计增长
A02,行业指标,A0205,文化,A020501,按行业分规模以上文化及相关产业企业营业收入,A02050109,规模以上文化传播渠道营业收入_累计值
A02,行业指标,A0205,文化,A020501,按行业分规模以上文化及相关产业企业营业收入,A02050110,规模以上文化传播渠道营业收入_累计增长
A02,行业指标,A0205,文化,A020501,按行业分规模以上文化及相关产业企业营业收入,A02050111,规模以上文化投资运营营业收入_累计值
A02,行业指标,A0205,文化,A020501,按行业分规模以上文化及相关产业企业营业收入,A02050112,规模以上文化投资运营营业收入_累计增长
A02,行业指标,A0205,文化,A020501,按行业分规模以上文化及相关产业企业营业收入,A02050113,规模以上文化娱乐休闲服务营业收入_累计值
A02,行业指标,A0205,文化,A020501,按行业分规模以上文化及相关产业企业营业收入,A02050114,规模以上文化娱乐休闲服务营业收入_累计增长
A02,行业指标,A0205,文化,A020501,按行业分规模以上文化及相关产业企业营业收入,A02050115,规模以上文化辅助生产和中介服务营业收入_累计值
A02,行业指标,A0205,文化,A020501,按行业分规模以上文化及相关产业企业营业收入,A02050116,规模以上文化辅助生产和中介服务营业收入_累计增长
A02,行业指标,A0205,文化,A020501,按行业分规模以上文化及相关产业企业营业收入,A02050117,规模以上文化装备生产营业收入_累计值
A02,行业指标,A0205,文化,A020501,按行业分规模以上文化及相关产业企业营业收入,A02050118,规模以上文化装备生产营业收入_累计增长
A02,行业指标,A0205,文化,A020501,按行业分规模以上文化及相关产业企业营业收入,A02050119,规模以上文化消费终端生产营业收入_累计值
A02,行业指标,A0205,文化,A020501,按行业分规模以上文化及相关产业企业营业收入,A02050120,规模以上文化消费终端生产营业收入_累计增长
A02,行业指标,A0205,文化,A020502,按产业和领域分规模以上文化及相关产业企业营业收入,A02050201,规模以上文化制造业企业营业收入_累计值
A02,行业指标,A0205,文化,A020502,按产业和领域分规模以上文化及相关产业企业营业收入,A02050202,规模以上文化制造业企业营业收入_累计增长
A02,行业指标,A0205,文化,A020502,按产业和领域分规模以上文化及相关产业企业营业收入,A02050203,规模以上文化批发和零售业企业营业收入_累计值
A02,行业指标,A0205,文化,A020502,按产业和领域分规模以上文化及相关产业企业营业收入,A02050204,规模以上文化批发和零售业企业营业收入_累计增长
A02,行业指标,A0205,文化,A020502,按产业和领域分规模以上文化及相关产业企业营业收入,A02050205,规模以上文化服务业企业营业收入_累计值
A02,行业指标,A0205,文化,A020502,按产业和领域分规模以上文化及相关产业企业营业收入,A02050206,规模以上文化服务业企业营业收入_累计增长
A02,行业指标,A0205,文化,A020502,按产业和领域分规模以上文化及相关产业企业营业收入,A02050207,规模以上文化核心领域企业营业收入_累计值
A02,行业指标,A0205,文化,A020502,按产业和领域分规模以上文化及相关产业企业营业收入,A02050208,规模以上文化核心领域企业营业收入_累计增长
A02,行业指标,A0205,文化,A020502,按产业和领域分规模以上文化及相关产业企业营业收入,A02050209,规模以上文化相关领域企业营业收入_累计值
A02,行业指标,A0205,文化,A020502,按产业和领域分规模以上文化及相关产业企业营业收入,A02050210,规模以上文化相关领域企业营业收入_累计增长
A02,行业指标,A0206,运输和邮电,A020601,邮电业务总量,A02060101,邮电业务总量_当期值
A02,行业指标,A0206,运输和邮电,A020601,邮电业务总量,A02060102,邮电业务总量_累计值
A02,行业指标,A0206,运输和邮电,A020601,邮电业务总量,A02060103,邮电业务总量_同比增长
A02,行业指标,A0206,运输和邮电,A020601,邮电业务总量,A02060104,邮电业务总量_累计增长
A02,行业指标,A0206,运输和邮电,A020601,邮电业务总量,A02060105,邮政业务总量_当期值
A02,行业指标,A0206,运输和邮电,A020601,邮电业务总量,A02060106,邮政业务总量_累计值
A02,行业指标,A0206,运输和邮电,A020601,邮电业务总量,A02060107,邮政业务总量_同比增长
A02,行业指标,A0206,运输和邮电,A020601,邮电业务总量,A02060108,邮政业务总量_累计增长
A02,行业指标,A0206,运输和邮电,A020601,邮电业务总量,A02060109,电信业务总量_当期值
A02,行业指标,A0206,运输和邮电,A020601,邮电业务总量,A02060110,电信业务总量_累计值
A02,行业指标,A0206,运输和邮电,A020601,邮电业务总量,A02060111,电信业务总量_同比增长
A02,行业指标,A0206,运输和邮电,A020601,邮电业务总量,A02060112,电信业务总量_累计增长
A02,行业指标,A0206,运输和邮电,A020602,软件业务收入,A02060201,软件业务收入_累计值
A02,行业指标,A0206,运输和邮电,A020602,软件业务收入,A02060202,软件业务收入_累计增长
A02,行业指标,A0206,运输和邮电,A020602,软件业务收入,A02060203,软件产品收入_累计值
A02,行业指标,A0206,运输和邮电,A020602,软件业务收入,A02060204,软件产品收入_累计增长
A02,行业指标,A0206,运输和邮电,A020602,软件业务收入,A02060205,信息技术服务收入_累计值
A02,行业指标,A0206,运输和邮电,A020602,软件业务收入,A02060206,信息技术服务收入_累计增长
A02,行业指标,A0206,运输和邮电,A020602,软件业务收入,A02060207,嵌入式系统软件收入_累计值
A02,行业指标,A0206,运输和邮电,A020602,软件业务收入,A02060208,嵌入式系统软件收入_累计增长
A02,行业指标,A0206,运输和邮电,A020602,软件业务收入,A02060209,软件业务出口_累计值
A02,行业指标,A0206,运输和邮电,A020602,软件业务收入,A02060210,软件业务出口_累计增长
A02,行业指标,A0206,运输和邮电,A020602,软件业务收入,A02060211,信息安全收入_累计增长
A02,行业指标,A0206,运输和邮电,A020602,软件业务收入,A02060212,信息安全收入_累计值
A02,行业指标,A0207,批发和零售业,A020701,批发和零售业情况,A02070101,批发和零售业法人企业单位数
A02,行业指标,A0207,批发和零售业,A020701,批发和零售业情况,A02070102,批发和零售业年末从业人数
A02,行业指标,A0207,批发和零售业,A020701,批发和零售业情况,A02070103,批发和零售业商品购进额
A02,行业指标,A0207,批发和零售业,A020701,批发和零售业情况,A02070104,批发和零售业进口额
A02,行业指标,A0207,批发和零售业,A020701,批发和零售业情况,A02070105,批发和零售业商品销售额
A02,行业指标,A0207,批发和零售业,A020701,批发和零售业情况,A02070106,批发和零售业出口额
A02,行业指标,A0207,批发和零售业,A020701,批发和零售业情况,A02070107,批发和零售业期末商品库存额
A02,行业指标,A0207,批发和零售业,A020702,批发和零售业情况,A02070108,批发业法人企业单位数
A02,行业指标,A0207,批发和零售业,A020702,批发和零售业情况,A02070109,批发业年末从业人数
A02,行业指标,A0207,批发和零售业,A020702,批发和零售业情况,A02070110,批发业商品购进总额
A02,行业指标,A0207,批发和零售业,A020702,批发和零售业情况,A02070111,批发业进口额
A02,行业指标,A0207,批发和零售业,A020702,批发和零售业情况,A02070112,批发业商品销售总额
A02,行业指标,A0207,批发和零售业,A020702,批发和零售业情况,A02070113,批发业出口额
A02,行业指标,A0207,批发和零售业,A020702,批发和零售业情况,A02070114,批发业商品库存总额
A02,行业指标,A0207,批发和零售业,A020703,限额以上零售业企业基本情况和商品购销存情况,A02070301,零售业法人企业单位数
A02,行业指标,A0207,批发和零售业,A020703,限额以上零售业企业基本情况和商品购销存情况,A02070302,零售业年末从业人数
A02,行业指标,A0207,批发和零售业,A020703,限额以上零售业企业基本情况和商品购销存情况,A02070303,零售业商品购进总额
A02,行业指标,A0207,批发和零售业,A020703,限额以上零售业企业基本情况和商品购销存情况,A02070304,零售业进口额
A02,行业指标,A0207,批发和零售业,A020703,限额以上零售业企业基本情况和商品购销存情况,A02070305,零售业商品销售总额
A02,行业指标,A0207,批发和零售业,A020703,限额以上零售业企业基本情况和商品购销存情况,A02070306,零售业出口额
A02,行业指标,A0207,批发和零售业,A020703,限额以上零售业企业基本情况和商品购销存情况,A02070307,零售业商品库存总额
A02,行业指标,A0207,批发和零售业,A020704,连锁零售企业,A02070401,连锁零售企业门店总数
A02,行业指标,A0207,批发和零售业,A020704,连锁零售企业,A02070402,连锁零售企业年末从业人数
A02,行业指标,A0207,批发和零售业,A020704,连锁零售企业,A02070403,连锁零售企业年末零售营业面积
A02,行业指标,A0207,批发和零售业,A020704,连锁零售企业,A02070404,连锁零售企业商品销售额
A02,行业指标,A0207,批发和零售业,A020704,连锁零售企业,A02070405,连锁零售企业商品购进总额
A02,行业指标,A0207,批发和零售业,A020704,连锁零售企业,A02070406,连锁零售企业统一配送商品购进额
A02,行业指标,A0207,批发和零售业,A020705,亿元以上商品交易市场基本情况,A02070501,亿元以上商品交易市场数
A02,行业指标,A0207,批发和零售业,A020705,亿元以上商品交易市场基本情况,A02070502,亿元以上商品交易市场摊位数
A02,行业指标,A0207,批发和零售业,A020705,亿元以上商品交易市场基本情况,A02070503,亿元以上商品交易市场营业面积
A02,行业指标,A0207,批发和零售业,A020705,亿元以上商品交易市场基本情况,A02070504,亿元以上商品交易市场成交额
A02,行业指标,A0207,批发和零售业,A020705,亿元以上商品交易市场基本情况,A02070505,亿元以上商品交易批发市场成交额
A02,行业指标,A0207,批发和零售业,A020705,亿元以上商品交易市场基本情况,A02070506,亿元以上商品交易零售市场成交额
A02,行业指标,A0208,住宿和餐饮业,A020801,住宿和餐饮业情况,A02080101,住宿和餐饮业法人企业数
A02,行业指标,A0208,住宿和餐饮业,A020801,住宿和餐饮业情况,A02080102,住宿和餐饮业年末从业人数
A02,行业指标,A0208,住宿和餐饮业,A020801,住宿和餐饮业情况,A02080103,住宿和餐饮业营业额
A02,行业指标,A0208,住宿和餐饮业,A020801,住宿和餐饮业情况,A02080104,住宿和餐饮业餐费收入
A02,行业指标,A0208,住宿和餐饮业,A020801,住宿和餐饮业情况,A02080105,住宿和餐饮业餐饮营业面积
A02,行业指标,A0208,住宿和餐饮业,A020801,住宿和餐饮业情况,A02080106,住宿业法人企业数
A02,行业指标,A0208,住宿和餐饮业,A020801,住宿和餐饮业情况,A02080107,住宿业年末从业人数
A02,行业指标,A0208,住宿和餐饮业,A020801,住宿和餐饮业情况,A02080108,住宿业营业额
A02,行业指标,A0208,住宿和餐饮业,A020801,住宿和餐饮业情况,A02080109,住宿业客房收入
A02,行业指标,A0208,住宿和餐饮业,A020801,住宿和餐饮业情况,A02080110,住宿业餐费收入
A02,行业指标,A0208,住宿和餐饮业,A020801,住宿和餐饮业情况,A02080111,住宿业客房数
A02,行业指标,A0208,住宿和餐饮业,A020801,住宿和餐饮业情况,A02080112,住宿业床位数
A02,行业指标,A0208,住宿和餐饮业,A020801,住宿和餐饮业情况,A02080113,住宿业餐饮营业面积
A02,行业指标,A0208,住宿和餐饮业,A020801,住宿和餐饮业情况,A02080114,餐饮业法人企业数
A02,行业指标,A0208,住宿和餐饮业,A020801,住宿和餐饮业情况,A02080115,餐饮业年末从业人数
A02,行业指标,A0208,住宿和餐饮业,A020801,住宿和餐饮业情况,A02080116,餐饮业营业额
A02,行业指标,A0208,住宿和餐饮业,A020801,住宿和餐饮业情况,A02080117,餐饮业餐费收入
A02,行业指标,A0208,住宿和餐饮业,A020801,住宿和餐饮业情况,A02080118,餐饮业餐饮营业面积
A02,行业指标,A0208,住宿和餐饮业,A020802,限额以上住宿业企业基本情况和经营情况,A02080201,住宿业法人企业数
A02,行业指标,A0208,住宿和餐饮业,A020802,限额以上住宿业企业基本情况和经营情况,A02080202,住宿业企业从业人数
A02,行业指标,A0208,住宿和餐饮业,A020802,限额以上住宿业企业基本情况和经营情况,A02080203,住宿业企业营业额
A02,行业指标,A0208,住宿和餐饮业,A020802,限额以上住宿业企业基本情况和经营情况,A02080204,住宿业企业客房收入
A02,行业指标,A0208,住宿和餐饮业,A020802,限额以上住宿业企业基本情况和经营情况,A02080205,住宿业企业餐费收入
A02,行业指标,A0208,住宿和餐饮业,A020803,限额以上餐饮业企业基本情况和经营情况,A02080301,餐饮业企业资产总计
A02,行业指标,A0208,住宿和餐饮业,A020803,限额以上餐饮业企业基本情况和经营情况,A02080302,餐饮业企业流动资产合计
A02,行业指标,A0208,住宿和餐饮业,A020803,限额以上餐饮业企业基本情况和经营情况,A02080303,餐饮业企业固定资产合计
A02,行业指标,A0208,住宿和餐饮业,A020803,限额以上餐饮业企业基本情况和经营情况,A02080304,餐饮业企业负债合计
A02,行业指标,A0208,住宿和餐饮业,A020803,限额以上餐饮业企业基本情况和经营情况,A02080305,餐饮业企业所有者权益合计
A02,行业指标,A0208,住宿和餐饮业,A020803,限额以上餐饮业企业基本情况和经营情况,A02080306,餐饮业企业营业收入
A02,行业指标,A0208,住宿和餐饮业,A020803,限额以上餐饮业企业基本情况和经营情况,A02080307,餐饮业企业营业成本
A02,行业指标,A0208,住宿和餐饮业,A020803,限额以上餐饮业企业基本情况和经营情况,A02080308,餐饮业企业税金及附加
A02,行业指标,A0208,住宿和餐饮业,A020803,限额以上餐饮业企业基本情况和经营情况,A02080309,餐饮业企业利润总额
A02,行业指标,A0209,旅游业,A020901,旅游业发展情况,A02090101,旅行社数
A02,行业指标,A0209,旅游业,A020901,旅游业发展情况,A02090102,星级饭店总数
A02,行业指标,A0209,旅游业,A020901,旅游业发展情况,A02090103,入境游客
A02,行业指标,A0209,旅游业,A020901,旅游业发展情况,A02090104,外国人入境游客
A02,行业指标,A0209,旅游业,A020901,旅游业发展情况,A02090105,港澳同胞入境游客
A02,行业指标,A0209,旅游业,A020901,旅游业发展情况,A02090106,台湾同胞入境游客
A02,行业指标,A0209,旅游业,A020901,旅游业发展情况,A02090107,入境过夜游客
A02,行业指标,A0209,旅游业,A020901,旅游业发展情况,A02090108,国内居民出境人数
A02,行业指标,A0209,旅游业,A020901,旅游业发展情况,A02090109,国内居民因私出境人数
A02,行业指标,A0209,旅游业,A020901,旅游业发展情况,A02090110,国内游客
A02,行业指标,A0209,旅游业,A020901,旅游业发展情况,A02090111,国际旅游外汇收入
A02,行业指标,A0209,旅游业,A020902,国内旅游情况,A02090201,国内旅游总花费
A02,行业指标,A0209,旅游业,A020902,国内旅游情况,A02090202,国内游客
A02,行业指标,A0209,旅游业,A020902,国内旅游情况,A02090203,城镇居民国内游客
A02,行业指标,A0209,旅游业,A020902,国内旅游情况,A02090204,农村居民国内游客
A02,行业指标,A0209,旅游业,A020902,国内旅游情况,A02090205,城镇居民国内旅游总花费
A02,行业指标,A0209,旅游业,A020902,国内旅游情况,A02090206,农村居民国内旅游总花费
A02,行业指标,A0209,旅游业,A020902,国内旅游情况,A02090207,国内旅游人均花费
A02,行业指标,A0209,旅游业,A020902,国内旅游情况,A02090208,城镇居民国内旅游人均花费
A02,行业指标,A0209,旅游业,A020902,国内旅游情况,A02090209,农村居民国内旅游人均花费
A02,行业指标,A0209,旅游业,A020903,国际旅游(外汇)收入,A02090301,国际旅游外汇收入
A02,行业指标,A0210,金融业,A021001,金融机构人民币信贷资金平衡表(资金来源),A02100101,金融机构人民币信贷资金来源
A02,行业指标,A0210,金融业,A021001,金融机构人民币信贷资金平衡表(资金来源),A02100102,金融机构资金来源各项存款
A02,行业指标,A0210,金融业,A021001,金融机构人民币信贷资金平衡表(资金来源),A02100103,金融机构资金来源各项存款中单位存款
A02,行业指标,A0210,金融业,A021001,金融机构人民币信贷资金平衡表(资金来源),A02100104,金融机构资金来源各项存款中个人存款
A02,行业指标,A0210,金融业,A021001,金融机构人民币信贷资金平衡表(资金来源),A02100105,金融机构资金来源各项存款中财政性存款
A02,行业指标,A0210,金融业,A021001,金融机构人民币信贷资金平衡表(资金来源),A02100106,金融机构资金来源各项存款中临时性存款
A02,行业指标,A0210,金融业,A021001,金融机构人民币信贷资金平衡表(资金来源),A02100107,金融机构资金来源各项存款中委托存款
A02,行业指标,A0210,金融业,A021001,金融机构人民币信贷资金平衡表(资金来源),A02100108,金融机构资金来源金融债券
A02,行业指标,A0210,金融业,A021001,金融机构人民币信贷资金平衡表(资金来源),A02100109,金融机构资金来源流通中货币
A02,行业指标,A0210,金融业,A021001,金融机构人民币信贷资金平衡表(资金来源),A02100110,金融机构资金来源对国际金融机构负债
A02,行业指标,A0210,金融业,A021002,金融机构人民币信贷资金平衡表(资金运用),A02100201,金融机构人民币信贷资金平衡表(资金运用)
A02,行业指标,A0210,金融业,A021002,金融机构人民币信贷资金平衡表(资金运用),A02100202,金融机构人民币信贷资金运用
A02,行业指标,A0210,金融业,A021002,金融机构人民币信贷资金平衡表(资金运用),A02100203,金融机构资金运用各项贷款
A02,行业指标,A0210,金融业,A021002,金融机构人民币信贷资金平衡表(资金运用),A02100204,金融机构资金运用各项贷款境内贷款
A02,行业指标,A0210,金融业,A021002,金融机构人民币信贷资金平衡表(资金运用),A02100205,金融机构资金运用各项贷款中短期贷款
A02,行业指标,A0210,金融业,A021002,金融机构人民币信贷资金平衡表(资金运用),A02100206,金融机构资金运用各项贷款中中长期贷款
A02,行业指标,A0210,金融业,A021002,金融机构人民币信贷资金平衡表(资金运用),A02100207,金融机构资金运用各项贷款中融资租赁
A02,行业指标,A0210,金融业,A021002,金融机构人民币信贷资金平衡表(资金运用),A02100208,金融机构资金运用各项贷款中票据融资
A02,行业指标,A0210,金融业,A021002,金融机构人民币信贷资金平衡表(资金运用),A02100209,金融机构资金运用各项贷款中各项垫款
A02,行业指标,A0210,金融业,A021002,金融机构人民币信贷资金平衡表(资金运用),A02100210,金融机构资金运用各项贷款境外贷款
A02,行业指标,A0210,金融业,A021002,金融机构人民币信贷资金平衡表(资金运用),A02100211,金融机构资金运用有价证券及投资
A02,行业指标,A0210,金融业,A021002,金融机构人民币信贷资金平衡表(资金运用),A02100212,金融机构资金运用股权及其他投资
A02,行业指标,A0210,金融业,A021002,金融机构人民币信贷资金平衡表(资金运用),A02100213,金融机构资金运用黄金占款
A02,行业指标,A0210,金融业,A021002,金融机构人民币信贷资金平衡表(资金运用),A02100214,金融机构资金运用外汇占款
A02,行业指标,A0210,金融业,A021002,金融机构人民币信贷资金平衡表(资金运用),A02100215,金融机构资金运用在国际金融机构资产
A02,行业指标,A0210,金融业,A021003,货币供应量,A02100301,货币和准货币(M2)供应量
A02,行业指标,A0210,金融业,A021003,货币供应量,A02100302,货币(M1)供应量
A02,行业指标,A0210,金融业,A021003,货币供应量,A02100303,流通中现金(M0)供应量
A02,行业指标,A0210,金融业,A021003,货币供应量,A02100304,货币供应量中活期存款供应量
A02,行业指标,A0210,金融业,A021003,货币供应量,A02100305,准货币供应量
A02,行业指标,A0210,金融业,A021003,货币供应量,A02100306,准货币供应量定期存款
A02,行业指标,A0210,金融业,A021003,货币供应量,A02100307,准货币供应量储蓄存款
A02,行业指标,A0210,金融业,A021003,货币供应量,A02100308,准货币供应量其他存款
A02,行业指标,A0210,金融业,A021003,货币供应量,A02100309,货币和准货币(M2)供应量同比增长率
A02,行业指标,A0210,金融业,A021003,货币供应量,A02100310,货币(M1)供应量同比增长率
A02,行业指标,A0210,金融业,A021003,货币供应量,A02100311,流通中现金(M0)供应量同比增长率
A02,行业指标,A0210,金融业,A021003,货币供应量,A02100312,货币供应量中活期存款供应量同比增长率
A02,行业指标,A0210,金融业,A021003,货币供应量,A02100313,准货币供应量同比增长率
A02,行业指标,A0210,金融业,A021003,货币供应量,A02100314,准货币供应量定期存款同比增长率
A02,行业指标,A0210,金融业,A021003,货币供应量,A02100315,准货币供应量储蓄存款同比增长率
A02,行业指标,A0210,金融业,A021003,货币供应量,A02100316,准货币供应量其他存款同比增长率
A02,行业指标,A0210,金融业,A021003,货币供应量,A02100317,黄金储备
A02,行业指标,A0210,金融业,A021003,货币供应量,A02100318,外汇储备
A02,行业指标,A0210,金融业,A021004,社会融资规模及构成,A02100401,社会融资规模
A02,行业指标,A0210,金融业,A021004,社会融资规模及构成,A02100402,人民币贷款社会融资规模
A02,行业指标,A0210,金融业,A021004,社会融资规模及构成,A02100403,外币贷款(折合人民币)社会融资规模
A02,行业指标,A0210,金融业,A021004,社会融资规模及构成,A02100404,委托贷款社会融资规模
A02,行业指标,A0210,金融业,A021004,社会融资规模及构成,A02100405,信托贷款社会融资规模
A02,行业指标,A0210,金融业,A021004,社会融资规模及构成,A02100406,未贴现银行承兑汇票社会融资规模
A02,行业指标,A0210,金融业,A021004,社会融资规模及构成,A02100407,企业债券社会融资规模
A02,行业指标,A0210,金融业,A021004,社会融资规模及构成,A02100408,非金融企业境内股票社会融资规模
A02,行业指标,A0210,金融业,A021005,保险系统机构、人员数,A02100501,保险系统机构数
A02,行业指标,A0210,金融业,A021005,保险系统机构、人员数,A02100502,保险集团公司机构数
A02,行业指标,A0210,金融业,A021005,保险系统机构、人员数,A02100503,中资保险公司机构数
A02,行业指标,A0210,金融业,A021005,保险系统机构、人员数,A02100504,中资保险公司总公司机构数
A02,行业指标,A0210,金融业,A021005,保险系统机构、人员数,A02100505,中资保险公司省级分公司机构数
A02,行业指标,A0210,金融业,A021005,保险系统机构、人员数,A02100506,中资保险公司中心支分公司机构数
A02,行业指标,A0210,金融业,A021005,保险系统机构、人员数,A02100507,中资保险公司支公司机构数
A02,行业指标,A0210,金融业,A021005,保险系统机构、人员数,A02100508,中资保险公司营业部机构数
A02,行业指标,A0210,金融业,A021005,保险系统机构、人员数,A02100509,中资保险公司营销服务部机构数
A02,行业指标,A0210,金融业,A021005,保险系统机构、人员数,A02100510,中外合资保险公司机构数
A02,行业指标,A0210,金融业,A021005,保险系统机构、人员数,A02100511,中外合资保险公司总公司机构数
A02,行业指标,A0210,金融业,A021005,保险系统机构、人员数,A02100512,中外合资保险公司省级分公司机构数
A02,行业指标,A0211,教育,A021101,各级各类学校数,A02110101,普通高等学校数
A02,行业指标,A0211,教育,A021101,各级各类学校数,A02110102,普通中学学校数
A02,行业指标,A0211,教育,A021101,各级各类学校数,A02110103,普通高中学校数
A02,行业指标,A0211,教育,A021101,各级各类学校数,A02110104,初中学校数
A02,行业指标,A0211,教育,A021101,各级各类学校数,A02110105,职业中学学校数
A02,行业指标,A0211,教育,A021101,各级各类学校数,A02110106,普通小学学校数
A02,行业指标,A0211,教育,A021101,各级各类学校数,A02110107,特殊教育学校学校数
A02,行业指标,A0211,教育,A021101,各级各类学校数,A02110108,学前教育学校数
A02,行业指标,A0211,教育,A021102,各级各类学校毕业生数,A02110201,普通高等学校毕业生数
A02,行业指标,A0211,教育,A021102,各级各类学校毕业生数,A02110202,普通中学毕业生数
A02,行业指标,A0211,教育,A021102,各级各类学校毕业生数,A02110203,普通高中毕业生数
A02,行业指标,A0211,教育,A021102,各级各类学校毕业生数,A02110204,初中毕业生数
A02,行业指标,A0211,教育,A021102,各级各类学校毕业生数,A02110205,职业中学毕业生数
A02,行业指标,A0211,教育,A021102,各级各类学校毕业生数,A02110206,普通小学毕业生数
A02,行业指标,A0211,教育,A021102,各级各类学校毕业生数,A02110207,特殊教育学校毕业生数
A02,行业指标,A0211,教育,A021103,教育经费,A02110301,高等学校教育经费
A02,行业指标,A0211,教育,A021103,教育经费,A02110302,普通高等学校教育经费
A02,行业指标,A0211,教育,A021103,教育经费,A02110303,成人高等学校教育经费
A02,行业指标,A0211,教育,A021103,教育经费,A02110304,中等职业学校教育经费
A02,行业指标,A0211,教育,A021103,教育经费,A02110305,中等专业学校教育经费
A02,行业指标,A0211,教育,A021103,教育经费,A02110306,职业高中教育经费
A02,行业指标,A0211,教育,A021103,教育经费,A02110307,技工学校教育经费
A02,行业指标,A0211,教育,A021103,教育经费,A02110308,成人中专学校教育经费
A02,行业指标,A0211,教育,A021103,教育经费,A02110309,中学教育经费
A02,行业指标,A0211,教育,A021103,教育经费,A02110310,普通中学教育经费
A02,行业指标,A0211,教育,A021103,教育经费,A02110311,普通高中教育经费
A02,行业指标,A0211,教育,A021103,教育经费,A02110312,普通初中教育经费
A02,行业指标,A0211,教育,A021103,教育经费,A02110313,农村普通初中教育经费
A02,行业指标,A0211,教育,A021103,教育经费,A02110314,成人中学教育经费
A02,行业指标,A0211,教育,A021103,教育经费,A02110315,小学教育经费
A02,行业指标,A0211,教育,A021103,教育经费,A02110316,普通小学教育经费
A02,行业指标,A0211,教育,A021103,教育经费,A02110317,农村普通小学教育经费
A02,行业指标,A0211,教育,A021103,教育经费,A02110318,成人小学教育经费
A02,行业指标,A0211,教育,A021103,教育经费,A02110319,特殊教育学校教育经费
A02,行业指标,A0211,教育,A021103,教育经费,A02110320,幼儿园教育经费
A02,行业指标,A0211,教育,A021103,教育经费,A02110321,教育行政单位教育经费
A02,行业指标,A0211,教育,A021103,教育经费,A02110322,教育事业单位教育经费
A02,行业指标,A0211,教育,A021103,教育经费,A02110323,其它类别学校教育经费
A02,行业指标,A0212,科技,A021201,科技活动基本情况,A02120101,科技活动人员
A02,行业指标,A0212,科技,A021201,科技活动基本情况,A02120102,科学家和工程师人员
A02,行业指标,A0212,科技,A021201,科技活动基本情况,A02120103,研究与试验发展人员全时当量
A02,行业指标,A0212,科技,A021201,科技活动基本情况,A02120104,研究与试验发展人员全时当量中科学家和工程师
A02,行业指标,A0212,科技,A021201,科技活动基本情况,A02120105,研究与试验发展人员全时当量中研究人员
A02,行业指标,A0212,科技,A021201,科技活动基本情况,A02120106,研究与试验发展基础研究人员全时当量
A02,行业指标,A0212,科技,A021201,科技活动基本情况,A02120107,研究与试验发展应用研究人员全时当量
A02,行业指标,A0212,科技,A021201,科技活动基本情况,A02120108,研究与试验发展试验发展人员全时当量
A02,行业指标,A0212,科技,A021201,科技活动基本情况,A02120109,研究与试验发展基础研究经费支出
A02,行业指标,A0212,科技,A021201,科技活动基本情况,A02120110,研究与试验发展应用研究经费支出
A02,行业指标,A0212,科技,A021201,科技活动基本情况,A02120111,研究与试验发展试验发展经费支出
A02,行业指标,A0212,科技,A021201,科技活动基本情况,A02120112,研究与试验发展政府资金经费支出
A02,行业指标,A0212,科技,A021201,科技活动基本情况,A02120113,研究与试验发展企业资金经费支出
A02,行业指标,A0212,科技,A021201,科技活动基本情况,A02120114,来源于政府资金的科技经费筹集额
A02,行业指标,A0212,科技,A021201,科技活动基本情况,A02120115,来源于企业资金的科技经费筹集额
A02,行业指标,A0212,科技,A021201,科技活动基本情况,A02120116,来源于金融机构贷款的科技经费筹集额
A02,行业指标,A0212,科技,A021201,科技活动基本情况,A02120117,科技经费内部支出中劳务费
A02,行业指标,A0212,科技,A021201,科技活动基本情况,A02120118,科技经费内部支出中固定资产构建费
A02,行业指标,A0212,科技,A021201,科技活动基本情况,A02120119,发表科技论文
A02,行业指标,A0212,科技,A021201,科技活动基本情况,A02120120,出版科技著作
A02,行业指标,A0212,科技,A021201,科技活动基本情况,A02120121,科技成果登记数
A02,行业指标,A0212,科技,A021201,科技活动基本情况,A02120122,国家技术发明奖
A02,行业指标,A0212,科技,A021201,科技活动基本情况,A02120123,国家科学技术进步奖
A02,行业指标,A0212,科技,A021201,科技活动基本情况,A02120124,专利申请数
A02,行业指标,A0212,科技,A021201,科技活动基本情况,A02120125,发明专利申请数
A02,行业指标,A0212,科技,A021201,科技活动基本情况,A02120126,专利申请授权数
A02,行业指标,A0212,科技,A021201,科技活动基本情况,A02120127,发明专利申请授权数
A02,行业指标,A0212,科技,A021201,科技活动基本情况,A02120128,高技术产品进出口额
A02,行业指标,A0212,科技,A021201,科技活动基本情况,A02120129,高技术产品出口额
A02,行业指标,A0212,科技,A021201,科技活动基本情况,A02120130,高技术产品进口额
A02,行业指标,A0212,科技,A021201,科技活动基本情况,A02120131,技术市场成交额
A02,行业指标,A0212,科技,A021202,高技术产业专利申请数,A02120201,高技术产业专利申请数
A02,行业指标,A0212,科技,A021203,产品质量情况,A02120301,产品质量优等品率
A02,行业指标,A0212,科技,A021203,产品质量情况,A02120302,产品质量一等品率
A02,行业指标,A0212,科技,A021203,产品质量情况,A02120303,产品质量合格品率
A02,行业指标,A0212,科技,A021203,产品质量情况,A02120304,质量损失率
A02,行业指标,A0212,科技,A021203,产品质量情况,A02120305,产品质量合格率
A02,行业指标,A0212,科技,A021204,规模以上工业企业研究与试验发展(R&D)活动情况,A02120401,规模以上工业企业R&D人员全时当量
A02,行业指标,A0212,科技,A021204,规模以上工业企业研究与试验发展(R&D)活动情况,A02120402,规模以上工业企业R&D经费
A02,行业指标,A0212,科技,A021204,规模以上工业企业研究与试验发展(R&D)活动情况,A02120403,规模以上工业企业R&D项目数
A02,行业指标,A0213,卫生,A021301,医疗卫生机构,A02130101,医疗卫生机构数
A02,行业指标,A0213,卫生,A021301,医疗卫生机构,A02130102,医院数
A02,行业指标,A0213,卫生,A021301,医疗卫生机构,A02130103,综合医院数
A02,行业指标,A0213,卫生,A021301,医疗卫生机构,A02130104,中医医院数
A02,行业指标,A0213,卫生,A021301,医疗卫生机构,A02130105,专科医院数
A02,行业指标,A0213,卫生,A021301,医疗卫生机构,A02130106,基层医疗卫生机构
A02,行业指标,A0213,卫生,A021301,医疗卫生机构,A02130107,社区卫生服务中心(站)数
A02,行业指标,A0213,卫生,A021301,医疗卫生机构,A02130108,街道卫生院数
A02,行业指标,A0213,卫生,A021301,医疗卫生机构,A02130109,乡镇卫生院数
A02,行业指标,A0213,卫生,A021301,医疗卫生机构,A02130110,村卫生室数
A02,行业指标,A0213,卫生,A021301,医疗卫生机构,A02130111,门诊部(所)数
A02,行业指标,A0213,卫生,A021301,医疗卫生机构,A02130112,专业公共卫生机构数
A02,行业指标,A0213,卫生,A021301,医疗卫生机构,A02130113,疾病预防控制中心数
A02,行业指标,A0213,卫生,A021301,医疗卫生机构,A02130114,专科疾病防治院(所/站)数
A02,行业指标,A0213,卫生,A021301,医疗卫生机构,A02130115,妇幼保健院(所/站)数
A02,行业指标,A0213,卫生,A021301,医疗卫生机构,A02130116,卫生监督所(中心)数
A02,行业指标,A0213,卫生,A021302,卫生人员,A02130201,卫生人员数
A02,行业指标,A0213,卫生,A021302,卫生人员,A02130202,卫生技术人员数
A02,行业指标,A0213,卫生,A021302,卫生人员,A02130203,执业(助理)医师数
A02,行业指标,A0213,卫生,A021302,卫生人员,A02130204,执业医师数
A02,行业指标,A0213,卫生,A021302,卫生人员,A02130205,注册护士数
A02,行业指标,A0213,卫生,A021302,卫生人员,A02130206,药师数
A02,行业指标,A0213,卫生,A021302,卫生人员,A02130207,乡村医生和卫生员数
A02,行业指标,A0213,卫生,A021302,卫生人员,A02130208,其他技术人员数
A02,行业指标,A0213,卫生,A021302,卫生人员,A02130209,管理人员数
A02,行业指标,A0213,卫生,A021302,卫生人员,A02130210,工勤技能人员数
A02,行业指标,A0213,卫生,A021303,卫生总费用,A02130301,卫生总费用
A02,行业指标,A0213,卫生,A021303,卫生总费用,A02130302,政府卫生支出
A02,行业指标,A0213,卫生,A021303,卫生总费用,A02130303,社会卫生支出
A02,行业指标,A0213,卫生,A021303,卫生总费用,A02130304,个人现金卫生支出
A02,行业指标,A0213,卫生,A021303,卫生总费用,A02130305,人均卫生费用
A02,行业指标,A0213,卫生,A021303,卫生总费用,A02130306,城市人均卫生费用
A02,行业指标,A0213,卫生,A021303,卫生总费用,A02130307,农村人均卫生费用
A02,行业指标,A0214,社会服务,A021401,社会服务机构基本情况,A02140101,社会福利企业机构数
A02,行业指标,A0214,社会服务,A021401,社会服务机构基本情况,A02140102,社会福利企业残疾职工
A02,行业指标,A0214,社会服务,A021401,社会服务机构基本情况,A02140103,社会福利企业利润额
A02,行业指标,A0215,体育,A021501,体育系统机构数,A02150101,体育系统机构数
A02,行业指标,A0215,体育,A021501,体育系统机构数,A02150102,体育系统体育行政机关机构数
A02,行业指标,A0215,体育,A021501,体育系统机构数,A02150103,体育系统运动项目管理部门机构数
A02,行业指标,A0215,体育,A021501,体育系统机构数,A02150104,体育系统本科院校机构数
A02,行业指标,A0215,体育,A021501,体育系统机构数,A02150105,体育系统职业、运动技术学院机构数
A02,行业指标,A0215,体育,A021501,体育系统机构数,A02150106,体育系统体育运动学校机构数
A02,行业指标,A0215,体育,A021501,体育系统机构数,A02150107,体育系统竞技体校机构数
A02,行业指标,A0215,体育,A021501,体育系统机构数,A02150108,体育系统少儿体育运动学校(业余体校)机构数
A02,行业指标,A0215,体育,A021501,体育系统机构数,A02150109,体育系统单项运动学校机构数
A02,行业指标,A0215,体育,A021501,体育系统机构数,A02150110,体育系统训练基地机构数
A02,行业指标,A0215,体育,A021501,体育系统机构数,A02150111,体育系统体育场馆机构数
A02,行业指标,A0215,体育,A021501,体育系统机构数,A02150112,体育系统科研所机构数
A02,行业指标,A0215,体育,A021501,体育系统机构数,A02150113,体育系统其他事业单位机构数
A02,行业指标,A0215,体育,A021501,体育系统机构数,A02150114,体育系统其他体育系统机构数
A02,行业指标,A0215,体育,A021501,体育系统机构数,A02150115,体育系统国家级机构数
A02,行业指标,A0215,体育,A021501,体育系统机构数,A02150116,体育系统国家级体育行政机关机构数
A02,行业指标,A0215,体育,A021501,体育系统机构数,A02150117,体育系统国家级运动项目管理部门机构数
A02,行业指标,A0215,体育,A021501,体育系统机构数,A02150118,体育系统国家级本科院校机构数
A02,行业指标,A0215,体育,A021501,体育系统机构数,A02150119,体育系统国家级职业、运动技术学院机构数
A02,行业指标,A0215,体育,A021501,体育系统机构数,A02150120,体育系统国家级体育运动学校机构数
A02,行业指标,A0215,体育,A021501,体育系统机构数,A02150121,体育系统国家级竞技体校机构数
A02,行业指标,A0215,体育,A021501,体育系统机构数,A02150122,体育系统国家级少儿体育运动学校(业余体校)机构数
A02,行业指标,A0215,体育,A021501,体育系统机构数,A02150123,体育系统国家级单项运动学校机构数
A02,行业指标,A0215,体育,A021501,体育系统机构数,A02150124,体育系统国家级训练基地机构数
A02,行业指标,A0215,体育,A021501,体育系统机构数,A02150125,体育系统国家级体育场馆机构数
A02,行业指标,A0215,体育,A021501,体育系统机构数,A02150126,体育系统国家级科研所机构数
A02,行业指标,A0215,体育,A021501,体育系统机构数,A02150127,体育系统国家级其他事业单位机构数
A02,行业指标,A0215,体育,A021501,体育系统机构数,A02150128,体育系统国家级其他机构数
A02,行业指标,A0215,体育,A021501,体育系统机构数,A02150129,体育系统省级机构数
A02,行业指标,A0215,体育,A021501,体育系统机构数,A02150130,体育系统省级体育行政机关机构数
A02,行业指标,A0215,体育,A021501,体育系统机构数,A02150131,体育系统省级运动项目管理部门机构数
A02,行业指标,A0215,体育,A021501,体育系统机构数,A02150132,体育系统省级本科院校机构数
A02,行业指标,A0215,体育,A021501,体育系统机构数,A02150133,体育系统省级职业、运动技术学院机构数
A02,行业指标,A0215,体育,A021501,体育系统机构数,A02150134,体育系统省级体育运动学校机构数
A02,行业指标,A0215,体育,A021501,体育系统机构数,A02150135,体育系统省级竞技体校机构数
A02,行业指标,A0215,体育,A021501,体育系统机构数,A02150136,体育系统省级少儿体育运动学校(业余体校)机构数
A02,行业指标,A0215,体育,A021501,体育系统机构数,A02150137,体育系统省级单项运动学校机构数
A02,行业指标,A0215,体育,A021501,体育系统机构数,A02150138,体育系统省级训练基地机构数
A02,行业指标,A0215,体育,A021501,体育系统机构数,A02150139,体育系统省级体育场馆机构数
A02,行业指标,A0215,体育,A021501,体育系统机构数,A02150140,体育系统省级科研所机构数
A02,行业指标,A0215,体育,A021501,体育系统机构数,A02150141,体育系统省级其他事业单位机构数
A02,行业指标,A0215,体育,A021501,体育系统机构数,A02150142,体育系统省级其他机构数
A02,行业指标,A0215,体育,A021501,体育系统机构数,A02150143,体育系统地级机构数
A02,行业指标,A0215,体育,A021501,体育系统机构数,A02150144,体育系统地级体育行政机关机构数
A02,行业指标,A0215,体育,A021501,体育系统机构数,A02150145,体育系统地级运动项目管理部门机构数
A02,行业指标,A0215,体育,A021501,体育系统机构数,A02150146,体育系统地级本科院校机构数
A02,行业指标,A0215,体育,A021501,体育系统机构数,A02150147,体育系统地级职业、运动技术学院机构数
A02,行业指标,A0215,体育,A021501,体育系统机构数,A02150148,体育系统地级体育运动学校机构数
A02,行业指标,A0215,体育,A021501,体育系统机构数,A02150149,体育系统地级竞技体校机构数
A02,行业指标,A0215,体育,A021501,体育系统机构数,A02150150,体育系统地级少儿体育运动学校(业余体校)机构数
A02,行业指标,A0215,体育,A021501,体育系统机构数,A02150151,体育系统地级单项运动学校机构数
A02,行业指标,A0215,体育,A021501,体育系统机构数,A02150152,体育系统地级训练基地机构数
A02,行业指标,A0215,体育,A021501,体育系统机构数,A02150153,体育系统地级体育场馆机构数
A02,行业指标,A0215,体育,A021501,体育系统机构数,A02150154,体育系统地级科研所机构数
A02,行业指标,A0215,体育,A021501,体育系统机构数,A02150155,体育系统地级其他事业单位机构数
A02,行业指标,A0215,体育,A021501,体育系统机构数,A02150156,体育系统地级其他机构数
A02,行业指标,A0215,体育,A021501,体育系统机构数,A02150157,体育系统县级机构数
A02,行业指标,A0215,体育,A021501,体育系统机构数,A02150158,体育系统县级体育行政机关机构数
A02,行业指标,A0215,体育,A021501,体育系统机构数,A02150159,体育系统县级运动项目管理部门机构数
A02,行业指标,A0215,体育,A021501,体育系统机构数,A02150160,体育系统县级本科院校机构数
A02,行业指标,A0215,体育,A021501,体育系统机构数,A02150161,体育系统县级职业、运动技术学院机构数
A02,行业指标,A0215,体育,A021501,体育系统机构数,A02150162,体育系统县级体育运动学校机构数
A02,行业指标,A0215,体育,A021501,体育系统机构数,A02150163,体育系统县级竞技体校机构数
A02,行业指标,A0215,体育,A021501,体育系统机构数,A02150164,体育系统县级少儿体育运动学校(业余体校)机构数
A02,行业指标,A0215,体育,A021501,体育系统机构数,A02150165,体育系统县级单项运动学校机构数
A02,行业指标,A0215,体育,A021501,体育系统机构数,A02150166,体育系统县级训练基地机构数
A02,行业指标,A0215,体育,A021501,体育系统机构数,A02150167,体育系统县级体育场馆机构数
A02,行业指标,A0215,体育,A021501,体育系统机构数,A02150168,体育系统县级科研所机构数
A02,行业指标,A0215,体育,A021501,体育系统机构数,A02150169,体育系统县级其他事业单位机构数
A02,行业指标,A0215,体育,A021501,体育系统机构数,A02150170,体育系统县级其他机构数
A02,行业指标,A0216,公共管理、社会保障及其他,A021601,历届全国人民代表大会代表人数,A02160101,全国人民代表大会代表人数
A02,行业指标,A0216,公共管理、社会保障及其他,A021601,历届全国人民代表大会代表人数,A02160102,全国人民代表大会女代表人数
A02,行业指标,A0216,公共管理、社会保障及其他,A021601,历届全国人民代表大会代表人数,A02160103,全国人民代表大会少数民族代表人数
A02,行业指标,A0216,公共管理、社会保障及其他,A021602,历届全国政治协商会议委员人数,A02160201,全国政治协商会议委员人数
A02,行业指标,A0216,公共管理、社会保障及其他,A021602,历届全国政治协商会议委员人数,A02160202,全国政治协商会议中国共产党委员人数
A02,行业指标,A0216,公共管理、社会保障及其他,A021602,历届全国政治协商会议委员人数,A02160203,全国政治协商会议少数民族委员人数
A02,行业指标,A0216,公共管理、社会保障及其他,A021603,妇联干部情况,A02160301,妇联干部总数
A02,行业指标,A0216,公共管理、社会保障及其他,A021603,妇联干部情况,A02160302,司局级妇联干部数
A02,行业指标,A0216,公共管理、社会保障及其他,A021603,妇联干部情况,A02160303,县处级妇联干部数
A02,行业指标,A0216,公共管理、社会保障及其他,A021603,妇联干部情况,A02160304,科以下妇联干部数
A02,行业指标,A0216,公共管理、社会保障及其他,A021604,工会组织情况,A02160401,工会基层组织数
A02,行业指标,A0216,公共管理、社会保障及其他,A021604,工会组织情况,A02160402,全国已建工会组织的基层单位的职工数
A02,行业指标,A0216,公共管理、社会保障及其他,A021604,工会组织情况,A02160403,全国已建工会组织的基层单位的女职工数
A02,行业指标,A0216,公共管理、社会保障及其他,A021604,工会组织情况,A02160404,全国已建工会组织的基层单位的会员人数
A02,行业指标,A0216,公共管理、社会保障及其他,A021604,工会组织情况,A02160405,全国已建工会组织的基层单位的女会员人数
A02,行业指标,A0216,公共管理、社会保障及其他,A021604,工会组织情况,A02160406,工会专职工作人员人数
A02,行业指标,A0216,公共管理、社会保障及其他,A021605,社会保险基金收支及累计结余,A02160501,社会保险基金收入
A02,行业指标,A0216,公共管理、社会保障及其他,A021605,社会保险基金收支及累计结余,A02160502,城镇职工基本养老保险基金收入
A02,行业指标,A0216,公共管理、社会保障及其他,A021605,社会保险基金收支及累计结余,A02160503,失业保险基金收入
A02,行业指标,A0216,公共管理、社会保障及其他,A021605,社会保险基金收支及累计结余,A02160504,医疗保险基金收入
A02,行业指标,A0216,公共管理、社会保障及其他,A021605,社会保险基金收支及累计结余,A02160505,工伤保险基金收入
A02,行业指标,A0216,公共管理、社会保障及其他,A021605,社会保险基金收支及累计结余,A02160506,生育保险基金收入
A02,行业指标,A0216,公共管理、社会保障及其他,A021605,社会保险基金收支及累计结余,A02160507,社会保险基金支出
A02,行业指标,A0216,公共管理、社会保障及其他,A021605,社会保险基金收支及累计结余,A02160508,城镇职工基本养老保险基金支出
A02,行业指标,A0216,公共管理、社会保障及其他,A021605,社会保险基金收支及累计结余,A02160509,失业保险基金支出
A02,行业指标,A0216,公共管理、社会保障及其他,A021605,社会保险基金收支及累计结余,A02160510,医疗保险基金支出
A02,行业指标,A0216,公共管理、社会保障及其他,A021605,社会保险基金收支及累计结余,A02160511,工伤保险基金支出
A02,行业指标,A0216,公共管理、社会保障及其他,A021605,社会保险基金收支及累计结余,A02160512,生育保险基金支出
A02,行业指标,A0216,公共管理、社会保障及其他,A021605,社会保险基金收支及累计结余,A02160513,社会保险基金累计结余
A02,行业指标,A0216,公共管理、社会保障及其他,A021605,社会保险基金收支及累计结余,A02160514,城镇职工基本养老保险累计结余
A02,行业指标,A0216,公共管理、社会保障及其他,A021605,社会保险基金收支及累计结余,A02160515,失业保险累计结余
A02,行业指标,A0216,公共管理、社会保障及其他,A021605,社会保险基金收支及累计结余,A02160516,医疗保险累计结余
A02,行业指标,A0216,公共管理、社会保障及其他,A021605,社会保险基金收支及累计结余,A02160517,工伤保险累计结余
A02,行业指标,A0216,公共管理、社会保障及其他,A021605,社会保险基金收支及累计结余,A02160518,生育保险累计结余
A03,世界经济数据,A0301,人口与就业,A0301001,人口增长（年度百分比）,,
A03,世界经济数据,A0301,人口与就业,A0301002,人口总数,,
A03,世界经济数据,A0301,人口与就业,A0301003,城镇人口,,
A03,世界经济数据,A0301,人口与就业,A0301004,城镇人口增长率（年增长率）,,
A03,世界经济数据,A0301,人口与就业,A0301005,城镇人口（占总人口比例）,,
A03,世界经济数据,A0301,人口与就业,A0301006,农村人口,,
A03,世界经济数据,A0301,人口与就业,A0301007,农村人口（占总人口的百分比）,,
A03,世界经济数据,A0301,人口与就业,A0301008,农村人口增长（年增长率）,,
A03,世界经济数据,A0301,人口与就业,A0301009,总失业人数（占劳动力总数的比例）（模拟劳工组织估计）,,
A03,世界经济数据,A0301,人口与就业,A0301010,劳动力总数,,
A03,世界经济数据,A0301,人口与就业,A0301011,就业人口的人均GDP（2011年不变价购买力平价美元）,,
A03,世界经济数据,A0301,人口与就业,A0301012,农业就业人员（占就业总数的百分比）,,
A03,世界经济数据,A0301,人口与就业,A0301013,工业就业人员（占就业总数的百分比）,,
A03,世界经济数据,A0301,人口与就业,A0301014,服务业就业人员（占就业总数的百分比）,,
A03,世界经济数据,A0302,公共部门,A0302001,中央政府债务总额（占GDP的百分比）,,
A03,世界经济数据,A0302,公共部门,A0302002,中央政府债务总额（现价本币单位）,,
A03,世界经济数据,A0302,公共部门,A0302003,关税及其他进口税（占税收收入的百分比）,,
A03,世界经济数据,A0302,公共部门,A0302004,关税及其他进口税（现价本币单位）,,
A03,世界经济数据,A0302,公共部门,A0302005,其他税收（占财政收入的百分比）,,
A03,世界经济数据,A0302,公共部门,A0302006,其他税收（现价本币单位）,,
A03,世界经济数据,A0302,公共部门,A0302007,军费支出（占GDP的百分比）,,
A03,世界经济数据,A0302,公共部门,A0302008,军费支出（占中央政府支出的百分比）,,
A03,世界经济数据,A0302,公共部门,A0302009,军费支出（现价本币单位）,,
A03,世界经济数据,A0302,公共部门,A0302010,支出（占GDP的百分比）,,
A03,世界经济数据,A0302,公共部门,A0302011,支出（现价本币单位）,,
A03,世界经济数据,A0302,公共部门,A0302012,收入_不包括捐赠（占GDP的比例）,,
A03,世界经济数据,A0302,公共部门,A0302013,收入_不包括捐赠（按当值本国货币单位计）,,
A03,世界经济数据,A0302,公共部门,A0302014,税收（占国民生产总值（GDP）比例）,,
A03,世界经济数据,A0302,公共部门,A0302015,税收（现值本币）,,
A03,世界经济数据,A0303,农业与农村发展,A0303001,作物生产指数（2014-2016=100）,,
A03,世界经济数据,A0303,农业与农村发展,A0303002,农业用地面积（平方公里）,,
A03,世界经济数据,A0303,农业与农村发展,A0303003,农业用地（占土地面积的百分比）,,
A03,世界经济数据,A0303,农业与农村发展,A0303004,农业增加值（占GDP的百分比）,,
A03,世界经济数据,A0303,农业与农村发展,A0303005,农业增加值（现价美元）,,
A03,世界经济数据,A0303,农业与农村发展,A0303006,国土面积（平方千米）,,
A03,世界经济数据,A0303,农业与农村发展,A0303007,土地面积（平方公里）,,
A03,世界经济数据,A0303,农业与农村发展,A0303008,永久性作物用地（占土地的百分比）,,
A03,世界经济数据,A0303,农业与农村发展,A0303009,畜牧业生产指数（2014-2016=100）,,
A03,世界经济数据,A0303,农业与农村发展,A0303010,谷物产量（公吨）,,
A03,世界经济数据,A0303,农业与农村发展,A0303011,谷类产量（每公顷千克数）,,
A03,世界经济数据,A0303,农业与农村发展,A0303012,食品生产指数（2014-2016=100）,,
A03,世界经济数据,A0304,基础设施,A0304001,核能发电量（占总发电量的比例）,,
A03,世界经济数据,A0304,基础设施,A0304002,水力发电量（占总发电电量的比例）,,
A03,世界经济数据,A0304,基础设施,A0304003,燃煤炭发电量（占总量的百分比）,,
A03,世界经济数据,A0304,基础设施,A0304004,石油发电量（占总发电量的比例）,,
A03,世界经济数据,A0304,基础设施,A0304005,耗电量（人均千瓦时）,,
A03,世界经济数据,A0304,基础设施,A0304006,航空运输_客运量,,
A03,世界经济数据,A0304,基础设施,A0304007,航空运输_货运量（百万吨-公里）,,
A03,世界经济数据,A0304,基础设施,A0304008,铁路客运量（百万乘客-公里）,,
A03,世界经济数据,A0304,基础设施,A0304009,铁路货运量（百万吨-公里）,,
A03,世界经济数据,A0305,外债,A0305001,债券投资（现价美元）,,
A03,世界经济数据,A0305,外债,A0305002,债务还本付息（在商品与服务的出口和初次收入中所占%）,,
A03,世界经济数据,A0305,外债,A0305003,偿还债务总量（占国民总收入比例）,,
A03,世界经济数据,A0305,外债,A0305004,偿还债务总量（占货物、服务和收入出口比例）,,
A03,世界经济数据,A0305,外债,A0305005,公共和公共担保(PPG)外债的还本付息额（现价美元）,,
A03,世界经济数据,A0305,外债,A0305006,公共和公共担保债务服务（占GNI的比例）,,
A03,世界经济数据,A0305,外债,A0305007,商业银行和其他贷款（现价美元）,,
A03,世界经济数据,A0305,外债,A0305008,国民总收入（现价美元）,,
A03,世界经济数据,A0305,外债,A0305009,外债存量（占GNI的百分比）,,
A03,世界经济数据,A0305,外债,A0305010,外债总额存量（现价美元）,,
A03,世界经济数据,A0305,外债,A0305011,外债的现值（占GNI的百分比）,,
A03,世界经济数据,A0305,外债,A0305012,外债的现值（占出口货物、服务和收入的百分比）,,
A03,世界经济数据,A0305,外债,A0305013,外债的现值（现价美元）,,
A03,世界经济数据,A0305,外债,A0305014,总储备（按现值美元计）,,
A03,世界经济数据,A0305,外债,A0305015,总储备（占外债总额比例）,,
A03,世界经济数据,A0305,外债,A0305016,短期债（在商品与服务的出口和初次收入中所占%）,,
A03,世界经济数据,A0305,外债,A0305017,短期外债（现价美元）,,
A03,世界经济数据,A0305,外债,A0305018,短期外债（占总储备比例）,,
A03,世界经济数据,A0305,外债,A0305019,短期外债（占总外债比例）,,
A03,世界经济数据,A0305,外债,A0305020,经常账户余额（现价美元）,,
A03,世界经济数据,A0305,外债,A0305021,长期外债还本付息总额（现价美元）,,
A03,世界经济数据,A0305,外债,A0305022,长期外债（现价美元）,,
A03,世界经济数据,A0306,教育,A0305023,公共教育支出总数（占政府支出的比例）,,
A03,世界经济数据,A0306,教育,A0305024,教育公共开支总额（占GDP的比例）,,
A03,世界经济数据,A0307,私营部门,A0307001,交通服务（占商业服务出口比例）,,
A03,世界经济数据,A0307,私营部门,A0307002,交通服务（占商业服务进口比例）,,
A03,世界经济数据,A0307,私营部门,A0307003,保险与金融服务（占商业服务出口的百分比）,,
A03,世界经济数据,A0307,私营部门,A0307004,保险与金融服务（占商业服务进口的百分比）,,
A03,世界经济数据,A0307,私营部门,A0307005,保险与金融服务（占服务出口的百分比）,,
A03,世界经济数据,A0307,私营部门,A0307006,保险与金融服务（占服务进口的百分比）,,
A03,世界经济数据,A0307,私营部门,A0307007,信息和通信技术(ICT)产品出口（占产品出口总量的百分比）,,
A03,世界经济数据,A0307,私营部门,A0307008,信息和通信技术(ICT)产品进口（占产品进口总量的百分比）,,
A03,世界经济数据,A0307,私营部门,A0307009,农业原材料出口（占商品出口的百分比）,,
A03,世界经济数据,A0307,私营部门,A0307010,农业原材料进口（占商品进口的百分比）,,
A03,世界经济数据,A0307,私营部门,A0307011,制造业出口（占商品出口的百分比）,,
A03,世界经济数据,A0307,私营部门,A0307012,制造业进口（占商品进口的百分比）,,
A03,世界经济数据,A0307,私营部门,A0307013,商业服务出口额（现价美元）,,
A03,世界经济数据,A0307,私营部门,A0307014,商业服务进口额（现价美元）,,
A03,世界经济数据,A0307,私营部门,A0307015,商品出口（现价美元）,,
A03,世界经济数据,A0307,私营部门,A0307016,商品贸易（GDP的百分比）,,
A03,世界经济数据,A0307,私营部门,A0307017,商品进口（现价美元）,,
A03,世界经济数据,A0307,私营部门,A0307018,新注册企业（数量）,,
A03,世界经济数据,A0307,科学技术,A0307019,R&D研究人员（每百万人）,,
A03,世界经济数据,A0307,科学技术,A0307020,专利申请量_居民,,
A03,世界经济数据,A0307,科学技术,A0307021,专利申请_非居民,,
A03,世界经济数据,A0307,科学技术,A0307022,每100万人中研发技术人员的数量,,
A03,世界经济数据,A0307,科学技术,A0307023,知识产权使用费_接收（现价美元）,,
A03,世界经济数据,A0307,科学技术,A0307024,知识产权使用费_支付（现价美元）,,
A03,世界经济数据,A0307,科学技术,A0307025,研发支出（占GDP的比例）,,
A03,世界经济数据,A0307,科学技术,A0307026,科技期刊文章,,
A03,世界经济数据,A0307,科学技术,A0307027,高科技出口（占制成品出口的百分比）,,
A03,世界经济数据,A0307,科学技术,A0307028,高科技出口（现价美元）,,
A03,世界经济数据,A0308,经济与增长,A0308001,GDP增长率（年百分比）,,
A03,世界经济数据,A0308,经济与增长,A0308002,GDP（不变价本币单位）,,
A03,世界经济数据,A0308,经济与增长,A0308003,GDP（现价美元）,,
A03,世界经济数据,A0308,经济与增长,A0308004,GNI增长（年度百分比）,,
A03,世界经济数据,A0308,经济与增长,A0308005,GNI（不变价本币单位）,,
A03,世界经济数据,A0308,经济与增长,A0308006,中央政府债务总额（占GDP的百分比）,,
A03,世界经济数据,A0308,经济与增长,A0308007,人均GDP增长（年增长率）,,
A03,世界经济数据,A0308,经济与增长,A0308008,人均GDP（不变价本币单位）,,
A03,世界经济数据,A0308,经济与增长,A0308009,人均GNI增长（年增长率）,,
A03,世界经济数据,A0308,经济与增长,A0308010,人均GNI（不变价本币单位）,,
A03,世界经济数据,A0308,经济与增长,A0308011,固定资本形成总额（不变价本币单位）,,
A03,世界经济数据,A0308,经济与增长,A0308012,固定资本形成总额（占GDP的百分比）,,
A03,世界经济数据,A0308,经济与增长,A0308013,支出（占GDP的百分比）,,
A03,世界经济数据,A0308,经济与增长,A0308014,收入_不包括捐赠（占GDP的比例）,,
A03,世界经济数据,A0309,能源与矿产,A0309001,GDP单位能源使用量（购买力平价美元/千克石油当量）,,
A03,世界经济数据,A0309,能源与矿产,A0309002,能源使用量(人均千克石油当量）,,
A03,世界经济数据,A0309,能源与矿产,A0309003,能源净进口（占能源使用量的百分比）,,
A03,世界经济数据,A0310,金融部门,A0310001,债券投资（现价美元）,,
A03,世界经济数据,A0310,金融部门,A0310002,净国内信贷（现价本币单位）,,
A03,世界经济数据,A0310,金融部门,A0310003,净外国资产（现价本币单位）,,
A03,世界经济数据,A0310,金融部门,A0310004,外国直接投资净流入（现价美元）,,
A03,世界经济数据,A0310,金融部门,A0310005,外国直接投资净流入（占GDP的百分比）,,
A03,世界经济数据,A0310,金融部门,A0310006,广义货币与总储备的比率,,
A03,世界经济数据,A0310,金融部门,A0310007,广义货币增长（年度百分比）,,
A03,世界经济数据,A0310,金融部门,A0310008,广义货币（占GDP的百分比）,,
A03,世界经济数据,A0310,金融部门,A0310009,广义货币（现价本币单位）,,
A03,世界经济数据,A0310,金融部门,A0310010,总储备（按现值美元计）,,
A03,世界经济数据,A0310,金融部门,A0310011,总储备（占外债总额比例）,,
A03,世界经济数据,A0310,金融部门,A0310012,贷款的风险溢价（基本利率减去国库券利率）,,
A03,世界经济数据,A0310,金融部门,A0310013,银行不良贷款与贷款总额的比率（百分比）,,
A03,世界经济数据,A0310,金融部门,A0310014,银行流动准备金对银行资产的比率（百分比）,,
A03,世界经济数据,A0310,金融部门,A0310015,银行资本对资产的比率（百分比）,,
A04,民营经济发展指标,A0401,民营经济发展指标,A0401001,新登记私营企业数量,,
A04,民营经济发展指标,A0401,民营经济发展指标,A0401002,新登记个体工商户数量,,
A04,民营经济发展指标,A0401,民营经济发展指标,A0401003,民营经济增加值,,
A04,民营经济发展指标,A0401,民营经济发展指标,A0401004,民营规上工业增加值,,
A04,民营经济发展指标,A0401,民营经济发展指标,A0401005,私营规上工业增加值,,
A04,民营经济发展指标,A0401,民营经济发展指标,A0401006,民间投资额,,
A04,民营经济发展指标,A0401,民营经济发展指标,A0401007,民间工业投资额,,
A04,民营经济发展指标,A0401,民营经济发展指标,A0401008,私营企业工业投资额,,
A04,民营经济发展指标,A0401,民营经济发展指标,A0401009,私营企业和个体工商户累计,,
A04,民营经济发展指标,A0401,民营经济发展指标,A0401010,私营企业累计,,
A04,民营经济发展指标,A0401,民营经济发展指标,A0401011,个体工商户累计,,
A04,民营经济发展指标,A0401,民营经济发展指标,A0401012,民营经济增加值,,
A04,民营经济发展指标,A0401,民营经济发展指标,A0401013,私营个体经济增加值,,
A04,民营经济发展指标,A0401,民营经济发展指标,A0401014,私营个体经济新增就业数量,,
A04,民营经济发展指标,A0401,民营经济发展指标,A0401015,进出口实绩民营企业数量,,
A04,民营经济发展指标,A0401,民营经济发展指标,A0401016,新增进出口实绩民营企业数量,,
A04,民营经济发展指标,A0401,民营经济发展指标,A0401017,民营企业进出口总额,,
A04,民营经济发展指标,A0401,民营经济发展指标,A0401018,民营企业出口总额,,
A04,民营经济发展指标,A0401,民营经济发展指标,A0401019,民营企业进口总额,,
A04,民营经济发展指标,A0401,民营经济发展指标,A0401020,民营企业对外投资项目数量,,
A04,民营经济发展指标,A0401,民营经济发展指标,A0401021,民营企业中方协议投资总额,,
A04,民营经济发展指标,A0401,民营经济发展指标,A0401022,民营企业上缴税金,,
A04,民营经济发展指标,A0401,民营经济发展指标,A0401023,占税务部门直接征收总额比重,,
A04,民营经济发展指标,A0401,民营经济发展指标,A0401024,民营企业100强营收总额,,
A04,民营经济发展指标,A0401,民营经济发展指标,A0401025,民营企业100强利润总额,,
A04,民营经济发展指标,A0401,民营经济发展指标,A0401026,民营企业100强资产总额,,
A04,民营经济发展指标,A0401,民营经济发展指标,A0401027,民营制造业100强营收总额,,
A04,民营经济发展指标,A0401,民营经济发展指标,A0401028,民营制造业100强利润总额,,
A04,民营经济发展指标,A0401,民营经济发展指标,A0401029,民营制造业100强资产总额,,
A04,民营经济发展指标,A0401,民营经济发展指标,A0401030,民营企业高新技术企业数量,,
A04,民营经济发展指标,A0401,民营经济发展指标,A0401031,累计建有国家级数量,,
A04,民营经济发展指标,A0401,民营经济发展指标,A0401032,累计建有省级重点数量,,
A04,民营经济发展指标,A0401,民营经济发展指标,A0401033,累计建有省级工程技术研究中心数量,,
A04,民营经济发展指标,A0401,民营经济发展指标,A0401034,民营企业专利申请量,,
A04,民营经济发展指标,A0401,民营经济发展指标,A0401035,民营企业专利授权量,,
A04,民营经济发展指标,A0401,民营经济发展指标,A0401036,民营企业参与重大项目数量,,
A04,民营经济发展指标,A0401,民营经济发展指标,A0401037,民营企业参与重大项目投资总额,,
A04,民营经济发展指标,A0401,民营经济发展指标,A0401038,民营企业参与重大项目已经完成投资总额,,
A04,民营经济发展指标,A0401,民营经济发展指标,A0401039,民营企业参与PPP项目数量,,
A04,民营经济发展指标,A0401,民营经济发展指标,A0401040,民营企业参与PPP项目投资总额,,
A04,民营经济发展指标,A0401,民营经济发展指标,A0401041,中小微企业贷款余额,,
A04,民营经济发展指标,A0401,民营经济发展指标,A0401042,制造业贷款余额,,